[
	{"model": "auth.group", "pk": 1, "fields": {"name": "admin"}},
	{"model": "auth.group", "pk": 2, "fields": {"name": "teacher"}},
	{"model": "auth.group", "pk": 3, "fields": {"name": "student"}},

	{"model": "user.user", "pk": 1, "fields": {"email": "admin1@example.com", "first_name": "Admin", "last_name": "One", "is_active": true, "is_staff": true, "is_superuser": true, "password": "pbkdf2_sha256$600000$example$c2VjcmV0aGFzaA==", "groups": [1]}},
	{"model": "user.user", "pk": 2, "fields": {"email": "admin2@example.com", "first_name": "Admin", "last_name": "Two", "is_active": true, "is_staff": true, "is_superuser": true, "password": "pbkdf2_sha256$600000$example$c2VjcmV0aGFzaA==", "groups": [1]}},

	{"model": "user.user", "pk": 3, "fields": {"email": "teacher1@example.com", "first_name": "Alice", "last_name": "Teacher", "is_active": true, "is_staff": false, "is_superuser": false, "password": "pbkdf2_sha256$600000$example$c2VjcmV0aGFzaA==", "groups": [2]}},
	{"model": "user.user", "pk": 4, "fields": {"email": "teacher2@example.com", "first_name": "Bob", "last_name": "Teacher", "is_active": true, "is_staff": false, "is_superuser": false, "password": "pbkdf2_sha256$600000$example$c2VjcmV0aGFzaA==", "groups": [2]}},
	{"model": "user.user", "pk": 5, "fields": {"email": "teacher3@example.com", "first_name": "Carol", "last_name": "Teacher", "is_active": true, "is_staff": false, "is_superuser": false, "password": "pbkdf2_sha256$600000$example$c2VjcmV0aGFzaA==", "groups": [2]}},
	{"model": "user.user", "pk": 6, "fields": {"email": "teacher4@example.com", "first_name": "Dave", "last_name": "Teacher", "is_active": true, "is_staff": false, "is_superuser": false, "password": "pbkdf2_sha256$600000$example$c2VjcmV0aGFzaA==", "groups": [2]}},
	{"model": "user.user", "pk": 7, "fields": {"email": "teacher5@example.com", "first_name": "Eve", "last_name": "Teacher", "is_active": true, "is_staff": false, "is_superuser": false, "password": "pbkdf2_sha256$600000$example$c2VjcmV0aGFzaA==", "groups": [2]}},

	{"model": "user.user", "pk": 8, "fields": {"email": "student1@example.com", "first_name": "Sam", "last_name": "Student", "is_active": true, "is_staff": false, "is_superuser": false, "password": "pbkdf2_sha256$600000$example$c2VjcmV0aGFzaA==", "groups": [3]}},
	{"model": "user.user", "pk": 9, "fields": {"email": "student2@example.com", "first_name": "Sara", "last_name": "Student", "is_active": true, "is_staff": false, "is_superuser": false, "password": "pbkdf2_sha256$600000$example$c2VjcmV0aGFzaA==", "groups": [3]}},
	{"model": "user.user", "pk": 10, "fields": {"email": "student3@example.com", "first_name": "Sean", "last_name": "Student", "is_active": true, "is_staff": false, "is_superuser": false, "password": "pbkdf2_sha256$600000$example$c2VjcmV0aGFzaA==", "groups": [3]}},
	{"model": "user.user", "pk": 11, "fields": {"email": "student4@example.com", "first_name": "Sophie", "last_name": "Student", "is_active": true, "is_staff": false, "is_superuser": false, "password": "pbkdf2_sha256$600000$example$c2VjcmV0aGFzaA==", "groups": [3]}},
	{"model": "user.user", "pk": 12, "fields": {"email": "student5@example.com", "first_name": "Steve", "last_name": "Student", "is_active": true, "is_staff": false, "is_superuser": false, "password": "pbkdf2_sha256$600000$example$c2VjcmV0aGFzaA==", "groups": [3]}},

	{"model": "institution.department", "pk": 1, "fields": {"name": "Science", "code": "SCI"}},
	{"model": "institution.department", "pk": 2, "fields": {"name": "Arts", "code": "ART"}},
	{"model": "institution.department", "pk": 3, "fields": {"name": "Business", "code": "BUS"}},

	{"model": "institution.term", "pk": 1, "fields": {"name": "Fall 2025", "start_date": "2025-09-01", "end_date": "2025-12-20"}},
	{"model": "institution.term", "pk": 2, "fields": {"name": "Spring 2026", "start_date": "2026-01-10", "end_date": "2026-05-10"}},
	{"model": "institution.term", "pk": 3, "fields": {"name": "Summer 2026", "start_date": "2026-06-05", "end_date": "2026-08-15"}},

	{"model": "courses.coursecategory", "pk": 1, "fields": {"name": "Software", "description": "Software and programming"}},
	{"model": "courses.coursecategory", "pk": 2, "fields": {"name": "Mathematics", "description": "Math courses"}},
	{"model": "courses.coursecategory", "pk": 3, "fields": {"name": "Science", "description": "Science courses"}},
	{"model": "courses.coursecategory", "pk": 4, "fields": {"name": "Design", "description": "Design and UX"}},
	{"model": "courses.coursecategory", "pk": 5, "fields": {"name": "Business", "description": "Business and management"}},

	{"model": "courses.course", "pk": 1, "fields": {"name": "Python Basics", "description": "Learn Python from scratch", "is_active": true, "categories": [1]}},
	{"model": "courses.course", "pk": 2, "fields": {"name": "Django Web Dev", "description": "Build web apps with Django", "is_active": true, "categories": [1]}},
	{"model": "courses.course", "pk": 3, "fields": {"name": "Data Structures", "description": "Core DS concepts", "is_active": true, "categories": [2,1]}},
	{"model": "courses.course", "pk": 4, "fields": {"name": "Algorithms", "description": "Algorithm design and analysis", "is_active": true, "categories": [2]}},
	{"model": "courses.course", "pk": 5, "fields": {"name": "Physics 101", "description": "Intro to Physics", "is_active": true, "categories": [3]}},
	{"model": "courses.course", "pk": 6, "fields": {"name": "Chemistry Basics", "description": "Intro to Chemistry", "is_active": true, "categories": [3]}},
	{"model": "courses.course", "pk": 7, "fields": {"name": "UI/UX Design", "description": "User experience fundamentals", "is_active": true, "categories": [4]}},
	{"model": "courses.course", "pk": 8, "fields": {"name": "Project Management", "description": "Manage tech projects", "is_active": true, "categories": [5]}},
	{"model": "courses.course", "pk": 9, "fields": {"name": "Machine Learning", "description": "ML basics", "is_active": true, "categories": [1,2]}},
	{"model": "courses.course", "pk": 10, "fields": {"name": "Databases", "description": "Relational databases", "is_active": true, "categories": [1]}},

	{"model": "courseware.module", "pk": 1, "fields": {"content": "Module 1 content"}},
	{"model": "courseware.module", "pk": 2, "fields": {"content": "Module 2 content"}},
	{"model": "courseware.module", "pk": 3, "fields": {"content": "Module 3 content"}},
	{"model": "courseware.module", "pk": 4, "fields": {"content": "Module 4 content"}},
	{"model": "courseware.module", "pk": 5, "fields": {"content": "Module 5 content"}},
	{"model": "courseware.module", "pk": 6, "fields": {"content": "Module 6 content"}},
	{"model": "courseware.module", "pk": 7, "fields": {"content": "Module 7 content"}},
	{"model": "courseware.module", "pk": 8, "fields": {"content": "Module 8 content"}},
	{"model": "courseware.module", "pk": 9, "fields": {"content": "Module 9 content"}},
	{"model": "courseware.module", "pk": 10, "fields": {"content": "Module 10 content"}},
	{"model": "courseware.module", "pk": 11, "fields": {"content": "Module 11 content"}},
	{"model": "courseware.module", "pk": 12, "fields": {"content": "Module 12 content"}},
	{"model": "courseware.module", "pk": 13, "fields": {"content": "Module 13 content"}},
	{"model": "courseware.module", "pk": 14, "fields": {"content": "Module 14 content"}},
	{"model": "courseware.module", "pk": 15, "fields": {"content": "Module 15 content"}},
	{"model": "courseware.module", "pk": 16, "fields": {"content": "Module 16 content"}},
	{"model": "courseware.module", "pk": 17, "fields": {"content": "Module 17 content"}},
	{"model": "courseware.module", "pk": 18, "fields": {"content": "Module 18 content"}},
	{"model": "courseware.module", "pk": 19, "fields": {"content": "Module 19 content"}},
	{"model": "courseware.module", "pk": 20, "fields": {"content": "Module 20 content"}},
	{"model": "courseware.module", "pk": 21, "fields": {"content": "Module 21 content"}},
	{"model": "courseware.module", "pk": 22, "fields": {"content": "Module 22 content"}},
	{"model": "courseware.module", "pk": 23, "fields": {"content": "Module 23 content"}},
	{"model": "courseware.module", "pk": 24, "fields": {"content": "Module 24 content"}},
	{"model": "courseware.module", "pk": 25, "fields": {"content": "Module 25 content"}},
	{"model": "courseware.module", "pk": 26, "fields": {"content": "Module 26 content"}},
	{"model": "courseware.module", "pk": 27, "fields": {"content": "Module 27 content"}},
	{"model": "courseware.module", "pk": 28, "fields": {"content": "Module 28 content"}},
	{"model": "courseware.module", "pk": 29, "fields": {"content": "Module 29 content"}},
	{"model": "courseware.module", "pk": 30, "fields": {"content": "Module 30 content"}},
	{"model": "courseware.module", "pk": 31, "fields": {"content": "Module 31 content"}},
	{"model": "courseware.module", "pk": 32, "fields": {"content": "Module 32 content"}},
	{"model": "courseware.module", "pk": 33, "fields": {"content": "Module 33 content"}},
	{"model": "courseware.module", "pk": 34, "fields": {"content": "Module 34 content"}},
	{"model": "courseware.module", "pk": 35, "fields": {"content": "Module 35 content"}},
	{"model": "courseware.module", "pk": 36, "fields": {"content": "Module 36 content"}},
	{"model": "courseware.module", "pk": 37, "fields": {"content": "Module 37 content"}},
	{"model": "courseware.module", "pk": 38, "fields": {"content": "Module 38 content"}},
	{"model": "courseware.module", "pk": 39, "fields": {"content": "Module 39 content"}},
	{"model": "courseware.module", "pk": 40, "fields": {"content": "Module 40 content"}},
	{"model": "courseware.module", "pk": 41, "fields": {"content": "Module 41 content"}},
	{"model": "courseware.module", "pk": 42, "fields": {"content": "Module 42 content"}},
	{"model": "courseware.module", "pk": 43, "fields": {"content": "Module 43 content"}},
	{"model": "courseware.module", "pk": 44, "fields": {"content": "Module 44 content"}},
	{"model": "courseware.module", "pk": 45, "fields": {"content": "Module 45 content"}},
	{"model": "courseware.module", "pk": 46, "fields": {"content": "Module 46 content"}},
	{"model": "courseware.module", "pk": 47, "fields": {"content": "Module 47 content"}},
	{"model": "courseware.module", "pk": 48, "fields": {"content": "Module 48 content"}},
	{"model": "courseware.module", "pk": 49, "fields": {"content": "Module 49 content"}},
	{"model": "courseware.module", "pk": 50, "fields": {"content": "Module 50 content"}},
	{"model": "courseware.module", "pk": 51, "fields": {"content": "Module 51 content"}},
	{"model": "courseware.module", "pk": 52, "fields": {"content": "Module 52 content"}},
	{"model": "courseware.module", "pk": 53, "fields": {"content": "Module 53 content"}},
	{"model": "courseware.module", "pk": 54, "fields": {"content": "Module 54 content"}},
	{"model": "courseware.module", "pk": 55, "fields": {"content": "Module 55 content"}},
	{"model": "courseware.module", "pk": 56, "fields": {"content": "Module 56 content"}},
	{"model": "courseware.module", "pk": 57, "fields": {"content": "Module 57 content"}},
	{"model": "courseware.module", "pk": 58, "fields": {"content": "Module 58 content"}},
	{"model": "courseware.module", "pk": 59, "fields": {"content": "Module 59 content"}},
	{"model": "courseware.module", "pk": 60, "fields": {"content": "Module 60 content"}},

	{"model": "courseware.lesson", "pk": 1, "fields": {"content": "Lesson 1 content"}},
	{"model": "courseware.lesson", "pk": 2, "fields": {"content": "Lesson 2 content"}},
	{"model": "courseware.lesson", "pk": 3, "fields": {"content": "Lesson 3 content"}},
	{"model": "courseware.lesson", "pk": 4, "fields": {"content": "Lesson 4 content"}},
	{"model": "courseware.lesson", "pk": 5, "fields": {"content": "Lesson 5 content"}},
	{"model": "courseware.lesson", "pk": 6, "fields": {"content": "Lesson 6 content"}},
	{"model": "courseware.lesson", "pk": 7, "fields": {"content": "Lesson 7 content"}},
	{"model": "courseware.lesson", "pk": 8, "fields": {"content": "Lesson 8 content"}},
	{"model": "courseware.lesson", "pk": 9, "fields": {"content": "Lesson 9 content"}},
	{"model": "courseware.lesson", "pk": 10, "fields": {"content": "Lesson 10 content"}},
	{"model": "courseware.lesson", "pk": 11, "fields": {"content": "Lesson 11 content"}},
	{"model": "courseware.lesson", "pk": 12, "fields": {"content": "Lesson 12 content"}},
	{"model": "courseware.lesson", "pk": 13, "fields": {"content": "Lesson 13 content"}},
	{"model": "courseware.lesson", "pk": 14, "fields": {"content": "Lesson 14 content"}},
	{"model": "courseware.lesson", "pk": 15, "fields": {"content": "Lesson 15 content"}},
	{"model": "courseware.lesson", "pk": 16, "fields": {"content": "Lesson 16 content"}},
	{"model": "courseware.lesson", "pk": 17, "fields": {"content": "Lesson 17 content"}},
	{"model": "courseware.lesson", "pk": 18, "fields": {"content": "Lesson 18 content"}},
	{"model": "courseware.lesson", "pk": 19, "fields": {"content": "Lesson 19 content"}},
	{"model": "courseware.lesson", "pk": 20, "fields": {"content": "Lesson 20 content"}},
	{"model": "courseware.lesson", "pk": 21, "fields": {"content": "Lesson 21 content"}},
	{"model": "courseware.lesson", "pk": 22, "fields": {"content": "Lesson 22 content"}},
	{"model": "courseware.lesson", "pk": 23, "fields": {"content": "Lesson 23 content"}},
	{"model": "courseware.lesson", "pk": 24, "fields": {"content": "Lesson 24 content"}},
	{"model": "courseware.lesson", "pk": 25, "fields": {"content": "Lesson 25 content"}},
	{"model": "courseware.lesson", "pk": 26, "fields": {"content": "Lesson 26 content"}},
	{"model": "courseware.lesson", "pk": 27, "fields": {"content": "Lesson 27 content"}},
	{"model": "courseware.lesson", "pk": 28, "fields": {"content": "Lesson 28 content"}},
	{"model": "courseware.lesson", "pk": 29, "fields": {"content": "Lesson 29 content"}},
	{"model": "courseware.lesson", "pk": 30, "fields": {"content": "Lesson 30 content"}},
	{"model": "courseware.lesson", "pk": 31, "fields": {"content": "Lesson 31 content"}},
	{"model": "courseware.lesson", "pk": 32, "fields": {"content": "Lesson 32 content"}},
	{"model": "courseware.lesson", "pk": 33, "fields": {"content": "Lesson 33 content"}},
	{"model": "courseware.lesson", "pk": 34, "fields": {"content": "Lesson 34 content"}},
	{"model": "courseware.lesson", "pk": 35, "fields": {"content": "Lesson 35 content"}},
	{"model": "courseware.lesson", "pk": 36, "fields": {"content": "Lesson 36 content"}},
	{"model": "courseware.lesson", "pk": 37, "fields": {"content": "Lesson 37 content"}},
	{"model": "courseware.lesson", "pk": 38, "fields": {"content": "Lesson 38 content"}},
	{"model": "courseware.lesson", "pk": 39, "fields": {"content": "Lesson 39 content"}},
	{"model": "courseware.lesson", "pk": 40, "fields": {"content": "Lesson 40 content"}},
	{"model": "courseware.lesson", "pk": 41, "fields": {"content": "Lesson 41 content"}},
	{"model": "courseware.lesson", "pk": 42, "fields": {"content": "Lesson 42 content"}},
	{"model": "courseware.lesson", "pk": 43, "fields": {"content": "Lesson 43 content"}},
	{"model": "courseware.lesson", "pk": 44, "fields": {"content": "Lesson 44 content"}},
	{"model": "courseware.lesson", "pk": 45, "fields": {"content": "Lesson 45 content"}},
	{"model": "courseware.lesson", "pk": 46, "fields": {"content": "Lesson 46 content"}},
	{"model": "courseware.lesson", "pk": 47, "fields": {"content": "Lesson 47 content"}},
	{"model": "courseware.lesson", "pk": 48, "fields": {"content": "Lesson 48 content"}},
	{"model": "courseware.lesson", "pk": 49, "fields": {"content": "Lesson 49 content"}},
	{"model": "courseware.lesson", "pk": 50, "fields": {"content": "Lesson 50 content"}},
	{"model": "courseware.lesson", "pk": 51, "fields": {"content": "Lesson 51 content"}},
	{"model": "courseware.lesson", "pk": 52, "fields": {"content": "Lesson 52 content"}},
	{"model": "courseware.lesson", "pk": 53, "fields": {"content": "Lesson 53 content"}},
	{"model": "courseware.lesson", "pk": 54, "fields": {"content": "Lesson 54 content"}},
	{"model": "courseware.lesson", "pk": 55, "fields": {"content": "Lesson 55 content"}},
	{"model": "courseware.lesson", "pk": 56, "fields": {"content": "Lesson 56 content"}},
	{"model": "courseware.lesson", "pk": 57, "fields": {"content": "Lesson 57 content"}},
	{"model": "courseware.lesson", "pk": 58, "fields": {"content": "Lesson 58 content"}},
	{"model": "courseware.lesson", "pk": 59, "fields": {"content": "Lesson 59 content"}},
	{"model": "courseware.lesson", "pk": 60, "fields": {"content": "Lesson 60 content"}},

	{"model": "courseware.contentnode", "pk": 1, "fields": {"content_type": ["courseware", "module"], "object_id": 1, "course_class": 1, "parent": null, "order": 1, "title": "Node 1"}},
	{"model": "courseware.contentnode", "pk": 2, "fields": {"content_type": ["courseware", "module"], "object_id": 2, "course_class": 2, "parent": null, "order": 1, "title": "Node 2"}},
	{"model": "courseware.contentnode", "pk": 3, "fields": {"content_type": ["courseware", "module"], "object_id": 3, "course_class": 3, "parent": null, "order": 1, "title": "Node 3"}},
	{"model": "courseware.contentnode", "pk": 4, "fields": {"content_type": ["courseware", "module"], "object_id": 4, "course_class": 4, "parent": null, "order": 1, "title": "Node 4"}},
	{"model": "courseware.contentnode", "pk": 5, "fields": {"content_type": ["courseware", "module"], "object_id": 5, "course_class": 5, "parent": null, "order": 1, "title": "Node 5"}},
	{"model": "courseware.contentnode", "pk": 6, "fields": {"content_type": ["courseware", "module"], "object_id": 6, "course_class": 6, "parent": null, "order": 1, "title": "Node 6"}},
	{"model": "courseware.contentnode", "pk": 7, "fields": {"content_type": ["courseware", "module"], "object_id": 7, "course_class": 7, "parent": null, "order": 1, "title": "Node 7"}},
	{"model": "courseware.contentnode", "pk": 8, "fields": {"content_type": ["courseware", "module"], "object_id": 8, "course_class": 8, "parent": null, "order": 1, "title": "Node 8"}},
	{"model": "courseware.contentnode", "pk": 9, "fields": {"content_type": ["courseware", "module"], "object_id": 9, "course_class": 9, "parent": null, "order": 1, "title": "Node 9"}},
	{"model": "courseware.contentnode", "pk": 10, "fields": {"content_type": ["courseware", "module"], "object_id": 10, "course_class": 10, "parent": null, "order": 1, "title": "Node 10"}},
	{"model": "courseware.contentnode", "pk": 11, "fields": {"content_type": ["courseware", "module"], "object_id": 11, "course_class": 11, "parent": null, "order": 1, "title": "Node 11"}},
	{"model": "courseware.contentnode", "pk": 12, "fields": {"content_type": ["courseware", "module"], "object_id": 12, "course_class": 12, "parent": null, "order": 1, "title": "Node 12"}},
	{"model": "courseware.contentnode", "pk": 13, "fields": {"content_type": ["courseware", "module"], "object_id": 13, "course_class": 13, "parent": null, "order": 1, "title": "Node 13"}},
	{"model": "courseware.contentnode", "pk": 14, "fields": {"content_type": ["courseware", "module"], "object_id": 14, "course_class": 14, "parent": null, "order": 1, "title": "Node 14"}},
	{"model": "courseware.contentnode", "pk": 15, "fields": {"content_type": ["courseware", "module"], "object_id": 15, "course_class": 15, "parent": null, "order": 1, "title": "Node 15"}},
	{"model": "courseware.contentnode", "pk": 16, "fields": {"content_type": ["courseware", "module"], "object_id": 16, "course_class": 16, "parent": null, "order": 1, "title": "Node 16"}},
	{"model": "courseware.contentnode", "pk": 17, "fields": {"content_type": ["courseware", "module"], "object_id": 17, "course_class": 17, "parent": null, "order": 1, "title": "Node 17"}},
	{"model": "courseware.contentnode", "pk": 18, "fields": {"content_type": ["courseware", "module"], "object_id": 18, "course_class": 18, "parent": null, "order": 1, "title": "Node 18"}},
	{"model": "courseware.contentnode", "pk": 19, "fields": {"content_type": ["courseware", "module"], "object_id": 19, "course_class": 19, "parent": null, "order": 1, "title": "Node 19"}},
	{"model": "courseware.contentnode", "pk": 20, "fields": {"content_type": ["courseware", "module"], "object_id": 20, "course_class": 20, "parent": null, "order": 1, "title": "Node 20"}},
	{"model": "courseware.contentnode", "pk": 21, "fields": {"content_type": ["courseware", "module"], "object_id": 21, "course_class": 1, "parent": null, "order": 2, "title": "Node 21"}},
	{"model": "courseware.contentnode", "pk": 22, "fields": {"content_type": ["courseware", "module"], "object_id": 22, "course_class": 2, "parent": null, "order": 2, "title": "Node 22"}},
	{"model": "courseware.contentnode", "pk": 23, "fields": {"content_type": ["courseware", "module"], "object_id": 23, "course_class": 3, "parent": null, "order": 2, "title": "Node 23"}},
	{"model": "courseware.contentnode", "pk": 24, "fields": {"content_type": ["courseware", "module"], "object_id": 24, "course_class": 4, "parent": null, "order": 2, "title": "Node 24"}},
	{"model": "courseware.contentnode", "pk": 25, "fields": {"content_type": ["courseware", "module"], "object_id": 25, "course_class": 5, "parent": null, "order": 2, "title": "Node 25"}},
	{"model": "courseware.contentnode", "pk": 26, "fields": {"content_type": ["courseware", "module"], "object_id": 26, "course_class": 6, "parent": null, "order": 2, "title": "Node 26"}},
	{"model": "courseware.contentnode", "pk": 27, "fields": {"content_type": ["courseware", "module"], "object_id": 27, "course_class": 7, "parent": null, "order": 2, "title": "Node 27"}},
	{"model": "courseware.contentnode", "pk": 28, "fields": {"content_type": ["courseware", "module"], "object_id": 28, "course_class": 8, "parent": null, "order": 2, "title": "Node 28"}},
	{"model": "courseware.contentnode", "pk": 29, "fields": {"content_type": ["courseware", "module"], "object_id": 29, "course_class": 9, "parent": null, "order": 2, "title": "Node 29"}},
	{"model": "courseware.contentnode", "pk": 30, "fields": {"content_type": ["courseware", "module"], "object_id": 30, "course_class": 10, "parent": null, "order": 2, "title": "Node 30"}},
	{"model": "courseware.contentnode", "pk": 31, "fields": {"content_type": ["courseware", "module"], "object_id": 31, "course_class": 11, "parent": null, "order": 2, "title": "Node 31"}},
	{"model": "courseware.contentnode", "pk": 32, "fields": {"content_type": ["courseware", "module"], "object_id": 32, "course_class": 12, "parent": null, "order": 2, "title": "Node 32"}},
	{"model": "courseware.contentnode", "pk": 33, "fields": {"content_type": ["courseware", "module"], "object_id": 33, "course_class": 13, "parent": null, "order": 2, "title": "Node 33"}},
	{"model": "courseware.contentnode", "pk": 34, "fields": {"content_type": ["courseware", "module"], "object_id": 34, "course_class": 14, "parent": null, "order": 2, "title": "Node 34"}},
	{"model": "courseware.contentnode", "pk": 35, "fields": {"content_type": ["courseware", "module"], "object_id": 35, "course_class": 15, "parent": null, "order": 2, "title": "Node 35"}},
	{"model": "courseware.contentnode", "pk": 36, "fields": {"content_type": ["courseware", "module"], "object_id": 36, "course_class": 16, "parent": null, "order": 2, "title": "Node 36"}},
	{"model": "courseware.contentnode", "pk": 37, "fields": {"content_type": ["courseware", "module"], "object_id": 37, "course_class": 17, "parent": null, "order": 2, "title": "Node 37"}},
	{"model": "courseware.contentnode", "pk": 38, "fields": {"content_type": ["courseware", "module"], "object_id": 38, "course_class": 18, "parent": null, "order": 2, "title": "Node 38"}},
	{"model": "courseware.contentnode", "pk": 39, "fields": {"content_type": ["courseware", "module"], "object_id": 39, "course_class": 19, "parent": null, "order": 2, "title": "Node 39"}},
	{"model": "courseware.contentnode", "pk": 40, "fields": {"content_type": ["courseware", "module"], "object_id": 40, "course_class": 20, "parent": null, "order": 2, "title": "Node 40"}},

	{"model": "courseware.contentnode", "pk": 101, "fields": {"content_type": ["courseware", "lesson"], "object_id": 1, "course_class": 1, "parent": 1, "order": 1, "title": "Node 101"}},
	{"model": "courseware.contentnode", "pk": 102, "fields": {"content_type": ["courseware", "lesson"], "object_id": 2, "course_class": 2, "parent": 2, "order": 1, "title": "Node 102"}},
	{"model": "courseware.contentnode", "pk": 103, "fields": {"content_type": ["courseware", "lesson"], "object_id": 3, "course_class": 3, "parent": 3, "order": 1, "title": "Node 103"}},
	{"model": "courseware.contentnode", "pk": 104, "fields": {"content_type": ["courseware", "lesson"], "object_id": 4, "course_class": 4, "parent": 4, "order": 1, "title": "Node 104"}},
	{"model": "courseware.contentnode", "pk": 105, "fields": {"content_type": ["courseware", "lesson"], "object_id": 5, "course_class": 5, "parent": 5, "order": 1, "title": "Node 105"}},
	{"model": "courseware.contentnode", "pk": 106, "fields": {"content_type": ["courseware", "lesson"], "object_id": 6, "course_class": 6, "parent": 6, "order": 1, "title": "Node 106"}},
	{"model": "courseware.contentnode", "pk": 107, "fields": {"content_type": ["courseware", "lesson"], "object_id": 7, "course_class": 7, "parent": 7, "order": 1, "title": "Node 107"}},
	{"model": "courseware.contentnode", "pk": 108, "fields": {"content_type": ["courseware", "lesson"], "object_id": 8, "course_class": 8, "parent": 8, "order": 1, "title": "Node 108"}},
	{"model": "courseware.contentnode", "pk": 109, "fields": {"content_type": ["courseware", "lesson"], "object_id": 9, "course_class": 9, "parent": 9, "order": 1, "title": "Node 109"}},
	{"model": "courseware.contentnode", "pk": 110, "fields": {"content_type": ["courseware", "lesson"], "object_id": 10, "course_class": 10, "parent": 10, "order": 1, "title": "Node 110"}},
	{"model": "courseware.contentnode", "pk": 111, "fields": {"content_type": ["courseware", "lesson"], "object_id": 11, "course_class": 11, "parent": 11, "order": 1, "title": "Node 111"}},
	{"model": "courseware.contentnode", "pk": 112, "fields": {"content_type": ["courseware", "lesson"], "object_id": 12, "course_class": 12, "parent": 12, "order": 1, "title": "Node 112"}},
	{"model": "courseware.contentnode", "pk": 113, "fields": {"content_type": ["courseware", "lesson"], "object_id": 13, "course_class": 13, "parent": 13, "order": 1, "title": "Node 113"}},
	{"model": "courseware.contentnode", "pk": 114, "fields": {"content_type": ["courseware", "lesson"], "object_id": 14, "course_class": 14, "parent": 14, "order": 1, "title": "Node 114"}},
	{"model": "courseware.contentnode", "pk": 115, "fields": {"content_type": ["courseware", "lesson"], "object_id": 15, "course_class": 15, "parent": 15, "order": 1, "title": "Node 115"}},
	{"model": "courseware.contentnode", "pk": 116, "fields": {"content_type": ["courseware", "lesson"], "object_id": 16, "course_class": 16, "parent": 16, "order": 1, "title": "Node 116"}},
	{"model": "courseware.contentnode", "pk": 117, "fields": {"content_type": ["courseware", "lesson"], "object_id": 17, "course_class": 17, "parent": 17, "order": 1, "title": "Node 117"}},
	{"model": "courseware.contentnode", "pk": 118, "fields": {"content_type": ["courseware", "lesson"], "object_id": 18, "course_class": 18, "parent": 18, "order": 1, "title": "Node 118"}},
	{"model": "courseware.contentnode", "pk": 119, "fields": {"content_type": ["courseware", "lesson"], "object_id": 19, "course_class": 19, "parent": 19, "order": 1, "title": "Node 119"}},
	{"model": "courseware.contentnode", "pk": 120, "fields": {"content_type": ["courseware", "lesson"], "object_id": 20, "course_class": 20, "parent": 20, "order": 1, "title": "Node 120"}},
	{"model": "courseware.contentnode", "pk": 121, "fields": {"content_type": ["courseware", "lesson"], "object_id": 21, "course_class": 1, "parent":null, "order": 3, "title": "Node 121"}},
	{"model": "courseware.contentnode", "pk": 122, "fields": {"content_type": ["courseware", "lesson"], "object_id": 22, "course_class": 2, "parent":null, "order": 3, "title": "Node 122"}},
	{"model": "courseware.contentnode", "pk": 123, "fields": {"content_type": ["courseware", "lesson"], "object_id": 23, "course_class": 3, "parent":null, "order": 3, "title": "Node 123"}},
	{"model": "courseware.contentnode", "pk": 124, "fields": {"content_type": ["courseware", "lesson"], "object_id": 24, "course_class": 4, "parent":null, "order": 3, "title": "Node 124"}},
	{"model": "courseware.contentnode", "pk": 125, "fields": {"content_type": ["courseware", "lesson"], "object_id": 25, "course_class": 5, "parent":null, "order": 3, "title": "Node 125"}},
	{"model": "courseware.contentnode", "pk": 126, "fields": {"content_type": ["courseware", "lesson"], "object_id": 26, "course_class": 6, "parent":null, "order": 3, "title": "Node 126"}},
	{"model": "courseware.contentnode", "pk": 127, "fields": {"content_type": ["courseware", "lesson"], "object_id": 27, "course_class": 7, "parent":null, "order": 3, "title": "Node 127"}},
	{"model": "courseware.contentnode", "pk": 128, "fields": {"content_type": ["courseware", "lesson"], "object_id": 28, "course_class": 8, "parent":null, "order": 3, "title": "Node 128"}},
	{"model": "courseware.contentnode", "pk": 129, "fields": {"content_type": ["courseware", "lesson"], "object_id": 29, "course_class": 9, "parent":null, "order": 3, "title": "Node 129"}},
	{"model": "courseware.contentnode", "pk": 130, "fields": {"content_type": ["courseware", "lesson"], "object_id": 30, "course_class": 10, "parent": null, "order": 3, "title": "Node 130"}},
	{"model": "courseware.contentnode", "pk": 131, "fields": {"content_type": ["courseware", "lesson"], "object_id": 31, "course_class": 11, "parent": null, "order": 3, "title": "Node 131"}},
	{"model": "courseware.contentnode", "pk": 132, "fields": {"content_type": ["courseware", "lesson"], "object_id": 32, "course_class": 12, "parent": null, "order": 3, "title": "Node 132"}},
	{"model": "courseware.contentnode", "pk": 133, "fields": {"content_type": ["courseware", "lesson"], "object_id": 33, "course_class": 13, "parent": null, "order": 3, "title": "Node 133"}},
	{"model": "courseware.contentnode", "pk": 134, "fields": {"content_type": ["courseware", "lesson"], "object_id": 34, "course_class": 14, "parent": null, "order": 3, "title": "Node 134"}},
	{"model": "courseware.contentnode", "pk": 135, "fields": {"content_type": ["courseware", "lesson"], "object_id": 35, "course_class": 15, "parent": null, "order": 3, "title": "Node 135"}},
	{"model": "courseware.contentnode", "pk": 136, "fields": {"content_type": ["courseware", "lesson"], "object_id": 36, "course_class": 16, "parent": null, "order": 3, "title": "Node 136"}},
	{"model": "courseware.contentnode", "pk": 137, "fields": {"content_type": ["courseware", "lesson"], "object_id": 37, "course_class": 17, "parent": null, "order": 3, "title": "Node 137"}},
	{"model": "courseware.contentnode", "pk": 138, "fields": {"content_type": ["courseware", "lesson"], "object_id": 38, "course_class": 18, "parent": null, "order": 3, "title": "Node 138"}},
	{"model": "courseware.contentnode", "pk": 139, "fields": {"content_type": ["courseware", "lesson"], "object_id": 39, "course_class": 19, "parent": null, "order": 3, "title": "Node 139"}},
	{"model": "courseware.contentnode", "pk": 140, "fields": {"content_type": ["courseware", "lesson"], "object_id": 40, "course_class": 20, "parent": null, "order": 3, "title": "Node 140"}},

	{"model": "courses.courseclass", "pk": 1, "fields": {"name": "Python Basics - A", "description": "Section A", "start_date": "2025-09-05", "end_date": "2025-12-10", "is_open": true, "is_active": true, "course": 1, "term": 1, "department": 1}},
	{"model": "courses.courseclass", "pk": 2, "fields": {"name": "Python Basics - B", "description": "Section B", "start_date": "2025-09-06", "end_date": "2025-12-11", "is_open": true, "is_active": true, "course": 1, "term": 1, "department": 1}},
	{"model": "courses.courseclass", "pk": 3, "fields": {"name": "Django Web Dev - A", "description": "Evening", "start_date": "2025-09-10", "end_date": "2025-12-15", "is_open": true, "is_active": true, "course": 2, "term": 1, "department": 1}},
	{"model": "courses.courseclass", "pk": 4, "fields": {"name": "Django Web Dev - B", "description": "Weekend", "start_date": "2025-09-12", "end_date": "2025-12-17", "is_open": true, "is_active": true, "course": 2, "term": 1, "department": 1}},
	{"model": "courses.courseclass", "pk": 5, "fields": {"name": "Data Structures - A", "description": "Morning", "start_date": "2025-09-07", "end_date": "2025-12-12", "is_open": true, "is_active": true, "course": 3, "term": 1, "department": 2}},
	{"model": "courses.courseclass", "pk": 6, "fields": {"name": "Algorithms - A", "description": "Morning", "start_date": "2025-09-08", "end_date": "2025-12-13", "is_open": true, "is_active": true, "course": 4, "term": 1, "department": 2}},
	{"model": "courses.courseclass", "pk": 7, "fields": {"name": "Physics 101 - A", "description": "Lab included", "start_date": "2025-09-09", "end_date": "2025-12-14", "is_open": false, "is_active": true, "course": 5, "term": 1, "department": 1}},
	{"model": "courses.courseclass", "pk": 8, "fields": {"name": "Chemistry Basics - A", "description": "", "start_date": "2025-09-09", "end_date": "2025-12-14", "is_open": false, "is_active": true, "course": 6, "term": 1, "department": 1}},
	{"model": "courses.courseclass", "pk": 9, "fields": {"name": "UI/UX Design - A", "description": "", "start_date": "2026-01-12", "end_date": "2026-05-05", "is_open": true, "is_active": true, "course": 7, "term": 2, "department": 3}},
	{"model": "courses.courseclass", "pk": 10, "fields": {"name": "Project Management - A", "description": "", "start_date": "2026-01-15", "end_date": "2026-05-08", "is_open": true, "is_active": true, "course": 8, "term": 2, "department": 3}},
	{"model": "courses.courseclass", "pk": 11, "fields": {"name": "Machine Learning - A", "description": "", "start_date": "2026-01-20", "end_date": "2026-05-12", "is_open": true, "is_active": true, "course": 9, "term": 2, "department": 2}},
	{"model": "courses.courseclass", "pk": 12, "fields": {"name": "Databases - A", "description": "", "start_date": "2026-01-22", "end_date": "2026-05-14", "is_open": true, "is_active": true, "course": 10, "term": 2, "department": 2}},
	{"model": "courses.courseclass", "pk": 13, "fields": {"name": "Python Basics - Spring", "description": "", "start_date": "2026-01-25", "end_date": "2026-05-20", "is_open": true, "is_active": true, "course": 1, "term": 2, "department": 1}},
	{"model": "courses.courseclass", "pk": 14, "fields": {"name": "Django Web Dev - Spring", "description": "", "start_date": "2026-01-26", "end_date": "2026-05-21", "is_open": true, "is_active": true, "course": 2, "term": 2, "department": 1}},
	{"model": "courses.courseclass", "pk": 15, "fields": {"name": "Data Structures - Spring", "description": "", "start_date": "2026-01-27", "end_date": "2026-05-22", "is_open": true, "is_active": true, "course": 3, "term": 2, "department": 2}},
	{"model": "courses.courseclass", "pk": 16, "fields": {"name": "Algorithms - Spring", "description": "", "start_date": "2026-01-28", "end_date": "2026-05-23", "is_open": true, "is_active": true, "course": 4, "term": 2, "department": 2}},
	{"model": "courses.courseclass", "pk": 17, "fields": {"name": "Physics 101 - Spring", "description": "", "start_date": "2026-01-29", "end_date": "2026-05-24", "is_open": true, "is_active": true, "course": 5, "term": 2, "department": 1}},
	{"model": "courses.courseclass", "pk": 18, "fields": {"name": "Chemistry Basics - Spring", "description": "", "start_date": "2026-01-30", "end_date": "2026-05-25", "is_open": true, "is_active": true, "course": 6, "term": 2, "department": 1}},
	{"model": "courses.courseclass", "pk": 19, "fields": {"name": "UI/UX Design - Summer", "description": "", "start_date": "2026-06-10", "end_date": "2026-08-10", "is_open": true, "is_active": true, "course": 7, "term": 3, "department": 3}},
	{"model": "courses.courseclass", "pk": 20, "fields": {"name": "Project Management - Summer", "description": "", "start_date": "2026-06-12", "end_date": "2026-08-12", "is_open": true, "is_active": true, "course": 8, "term": 3, "department": 3}},

	{ "model": "enrollment.enrollment", "pk": 1, "fields": {"user": 3, "course_class": 1, "role": 1, "study_group": null,"enrolled_at": "2025-09-10T00:00:30Z" }},
	{ "model": "enrollment.enrollment", "pk": 2, "fields": {"user": 8, "course_class": 1, "role": 2, "study_group": null,"enrolled_at": "2025-09-10T00:00:30Z" }},
	{ "model": "enrollment.enrollment", "pk": 3, "fields": {"user": 9, "course_class": 1, "role": 2, "study_group": null,"enrolled_at": "2025-09-10T00:00:30Z" }},
	{ "model": "enrollment.enrollment", "pk": 4, "fields": {"user": 10, "course_class": 1, "role": 2, "study_group": null,"enrolled_at": "2025-09-10T00:00:30Z" }},
	{ "model": "enrollment.enrollment", "pk": 5, "fields": {"user": 1, "course_class": 1, "role": 3, "study_group": null,"enrolled_at": "2025-09-10T00:00:30Z" }},

	{ "model": "enrollment.enrollment", "pk": 6, "fields": {"user": 4, "course_class": 2, "role": 1, "study_group": null,"enrolled_at": "2025-09-10T00:00:30Z" }},
	{ "model": "enrollment.enrollment", "pk": 7, "fields": {"user": 9, "course_class": 2, "role": 2, "study_group": null,"enrolled_at": "2025-09-10T00:00:30Z" }},
	{ "model": "enrollment.enrollment", "pk": 8, "fields": {"user": 10, "course_class": 2, "role": 2, "study_group": null,"enrolled_at": "2025-09-10T00:00:30Z" }},
	{ "model": "enrollment.enrollment", "pk": 9, "fields": {"user": 11, "course_class": 2, "role": 2, "study_group": null,"enrolled_at": "2025-09-10T00:00:30Z" }},
	{ "model": "enrollment.enrollment", "pk": 10, "fields": {"user": 1, "course_class": 2, "role": 3, "study_group": null,"enrolled_at": "2025-09-10T00:00:30Z" }},

	{ "model": "enrollment.enrollment", "pk": 11, "fields": {"user": 5, "course_class": 3, "role": 1, "study_group": null,"enrolled_at": "2025-09-10T00:00:30Z" }},
	{ "model": "enrollment.enrollment", "pk": 12, "fields": {"user": 10, "course_class": 3, "role": 2, "study_group": null,"enrolled_at": "2025-09-10T00:00:30Z" }},
	{ "model": "enrollment.enrollment", "pk": 13, "fields": {"user": 11, "course_class": 3, "role": 2, "study_group": null,"enrolled_at": "2025-09-10T00:00:30Z" }},
	{ "model": "enrollment.enrollment", "pk": 14, "fields": {"user": 12, "course_class": 3, "role": 2, "study_group": null,"enrolled_at": "2025-09-10T00:00:30Z" }},
	{ "model": "enrollment.enrollment", "pk": 15, "fields": {"user": 1, "course_class": 3, "role": 3, "study_group": null,"enrolled_at": "2025-09-10T00:00:30Z" }},

	{ "model": "enrollment.enrollment", "pk": 16, "fields": {"user": 6, "course_class": 4, "role": 1, "study_group": null,"enrolled_at": "2025-09-10T00:00:30Z" }},
	{ "model": "enrollment.enrollment", "pk": 17, "fields": {"user": 11, "course_class": 4, "role": 2, "study_group": null,"enrolled_at": "2025-09-10T00:00:30Z" }},
	{ "model": "enrollment.enrollment", "pk": 18, "fields": {"user": 12, "course_class": 4, "role": 2, "study_group": null,"enrolled_at": "2025-09-10T00:00:30Z" }},
	{ "model": "enrollment.enrollment", "pk": 19, "fields": {"user": 8, "course_class": 4, "role": 2, "study_group": null,"enrolled_at": "2025-09-10T00:00:30Z" }},
	{ "model": "enrollment.enrollment", "pk": 20, "fields": {"user": 1, "course_class": 4, "role": 3, "study_group": null,"enrolled_at": "2025-09-10T00:00:30Z" }},

	{ "model": "enrollment.enrollment", "pk": 21, "fields": {"user": 7, "course_class": 5, "role": 1, "study_group": null,"enrolled_at": "2025-09-10T00:00:30Z" }},
	{ "model": "enrollment.enrollment", "pk": 22, "fields": {"user": 12, "course_class": 5, "role": 2, "study_group": null,"enrolled_at": "2025-09-10T00:00:30Z" }},
	{ "model": "enrollment.enrollment", "pk": 23, "fields": {"user": 8, "course_class": 5, "role": 2, "study_group": null,"enrolled_at": "2025-09-10T00:00:30Z" }},
	{ "model": "enrollment.enrollment", "pk": 24, "fields": {"user": 9, "course_class": 5, "role": 2, "study_group": null,"enrolled_at": "2025-09-10T00:00:30Z" }},
	{ "model": "enrollment.enrollment", "pk": 25, "fields": {"user": 1, "course_class": 5, "role": 3, "study_group": null,"enrolled_at": "2025-09-10T00:00:30Z" }},

	{ "model": "enrollment.enrollment", "pk": 26, "fields": {"user": 3, "course_class": 6, "role": 1, "study_group": null,"enrolled_at": "2025-09-10T00:00:30Z" }},
	{ "model": "enrollment.enrollment", "pk": 27, "fields": {"user": 8, "course_class": 6, "role": 2, "study_group": null,"enrolled_at": "2025-09-10T00:00:30Z" }},
	{ "model": "enrollment.enrollment", "pk": 28, "fields": {"user": 9, "course_class": 6, "role": 2, "study_group": null,"enrolled_at": "2025-09-10T00:00:30Z" }},
	{ "model": "enrollment.enrollment", "pk": 29, "fields": {"user": 10, "course_class": 6, "role": 2, "study_group": null,"enrolled_at": "2025-09-10T00:00:30Z" }},
	{ "model": "enrollment.enrollment", "pk": 30, "fields": {"user": 1, "course_class": 6, "role": 3, "study_group": null,"enrolled_at": "2025-09-10T00:00:30Z" }},

	{ "model": "enrollment.enrollment", "pk": 31, "fields": {"user": 4, "course_class": 7, "role": 1, "study_group": null,"enrolled_at": "2025-09-10T00:00:30Z" }},
	{ "model": "enrollment.enrollment", "pk": 32, "fields": {"user": 9, "course_class": 7, "role": 2, "study_group": null,"enrolled_at": "2025-09-10T00:00:30Z" }},
	{ "model": "enrollment.enrollment", "pk": 33, "fields": {"user": 10, "course_class": 7, "role": 2, "study_group": null,"enrolled_at": "2025-09-10T00:00:30Z" }},
	{ "model": "enrollment.enrollment", "pk": 34, "fields": {"user": 11, "course_class": 7, "role": 2, "study_group": null,"enrolled_at": "2025-09-10T00:00:30Z" }},
	{ "model": "enrollment.enrollment", "pk": 35, "fields": {"user": 1, "course_class": 7, "role": 3, "study_group": null,"enrolled_at": "2025-09-10T00:00:30Z" }},

	{ "model": "enrollment.enrollment", "pk": 36, "fields": {"user": 5, "course_class": 8, "role": 1, "study_group": null,"enrolled_at": "2025-09-10T00:00:30Z" }},
	{ "model": "enrollment.enrollment", "pk": 37, "fields": {"user": 10, "course_class": 8, "role": 2, "study_group": null,"enrolled_at": "2025-09-10T00:00:30Z" }},
	{ "model": "enrollment.enrollment", "pk": 38, "fields": {"user": 11, "course_class": 8, "role": 2, "study_group": null,"enrolled_at": "2025-09-10T00:00:30Z" }},
	{ "model": "enrollment.enrollment", "pk": 39, "fields": {"user": 12, "course_class": 8, "role": 2, "study_group": null,"enrolled_at": "2025-09-10T00:00:30Z" }},
	{ "model": "enrollment.enrollment", "pk": 40, "fields": {"user": 1, "course_class": 8, "role": 3, "study_group": null,"enrolled_at": "2025-09-10T00:00:30Z" }},

	{ "model": "enrollment.enrollment", "pk": 41, "fields": {"user": 6, "course_class": 9, "role": 1, "study_group": null,"enrolled_at": "2025-09-10T00:00:30Z" }},
	{ "model": "enrollment.enrollment", "pk": 42, "fields": {"user": 11, "course_class": 9, "role": 2, "study_group": null,"enrolled_at": "2025-09-10T00:00:30Z" }},
	{ "model": "enrollment.enrollment", "pk": 43, "fields": {"user": 12, "course_class": 9, "role": 2, "study_group": null,"enrolled_at": "2025-09-10T00:00:30Z" }},
	{ "model": "enrollment.enrollment", "pk": 44, "fields": {"user": 8, "course_class": 9, "role": 2, "study_group": null,"enrolled_at": "2025-09-10T00:00:30Z" }},
	{ "model": "enrollment.enrollment", "pk": 45, "fields": {"user": 1, "course_class": 9, "role": 3, "study_group": null,"enrolled_at": "2025-09-10T00:00:30Z" }},

	{ "model": "enrollment.enrollment", "pk": 46, "fields": {"user": 7, "course_class": 10, "role": 1, "study_group": null,"enrolled_at": "2025-09-10T00:00:30Z" }},
	{ "model": "enrollment.enrollment", "pk": 47, "fields": {"user": 12, "course_class": 10, "role": 2, "study_group": null,"enrolled_at": "2025-09-10T00:00:30Z" }},
	{ "model": "enrollment.enrollment", "pk": 48, "fields": {"user": 8, "course_class": 10, "role": 2, "study_group": null,"enrolled_at": "2025-09-10T00:00:30Z" }},
	{ "model": "enrollment.enrollment", "pk": 49, "fields": {"user": 9, "course_class": 10, "role": 2, "study_group": null,"enrolled_at": "2025-09-10T00:00:30Z" }},
	{ "model": "enrollment.enrollment", "pk": 50, "fields": {"user": 1, "course_class": 10, "role": 3, "study_group": null,"enrolled_at": "2025-09-10T00:00:30Z" }},

	{ "model": "enrollment.enrollment", "pk": 51, "fields": {"user": 3, "course_class": 11, "role": 1, "study_group": null,"enrolled_at": "2025-09-10T00:00:30Z" }},
	{ "model": "enrollment.enrollment", "pk": 52, "fields": {"user": 8, "course_class": 11, "role": 2, "study_group": null,"enrolled_at": "2025-09-10T00:00:30Z" }},
	{ "model": "enrollment.enrollment", "pk": 53, "fields": {"user": 9, "course_class": 11, "role": 2, "study_group": null,"enrolled_at": "2025-09-10T00:00:30Z" }},
	{ "model": "enrollment.enrollment", "pk": 54, "fields": {"user": 10, "course_class": 11, "role": 2, "study_group": null,"enrolled_at": "2025-09-10T00:00:30Z" }},
	{ "model": "enrollment.enrollment", "pk": 55, "fields": {"user": 2, "course_class": 11, "role": 3, "study_group": null,"enrolled_at": "2025-09-10T00:00:30Z" }},

	{ "model": "enrollment.enrollment", "pk": 56, "fields": {"user": 4, "course_class": 12, "role": 1, "study_group": null,"enrolled_at": "2025-09-10T00:00:30Z" }},
	{ "model": "enrollment.enrollment", "pk": 57, "fields": {"user": 9, "course_class": 12, "role": 2, "study_group": null,"enrolled_at": "2025-09-10T00:00:30Z" }},
	{ "model": "enrollment.enrollment", "pk": 58, "fields": {"user": 10, "course_class": 12, "role": 2, "study_group": null,"enrolled_at": "2025-09-10T00:00:30Z" }},
	{ "model": "enrollment.enrollment", "pk": 59, "fields": {"user": 11, "course_class": 12, "role": 2, "study_group": null,"enrolled_at": "2025-09-10T00:00:30Z" }},
	{ "model": "enrollment.enrollment", "pk": 60, "fields": {"user": 2, "course_class": 12, "role": 3, "study_group": null,"enrolled_at": "2025-09-10T00:00:30Z" }},

	{ "model": "enrollment.enrollment", "pk": 61, "fields": {"user": 5, "course_class": 13, "role": 1, "study_group": null,"enrolled_at": "2025-09-10T00:00:30Z" }},
	{ "model": "enrollment.enrollment", "pk": 62, "fields": {"user": 10, "course_class": 13, "role": 2, "study_group": null,"enrolled_at": "2025-09-10T00:00:30Z" }},
	{ "model": "enrollment.enrollment", "pk": 63, "fields": {"user": 11, "course_class": 13, "role": 2, "study_group": null,"enrolled_at": "2025-09-10T00:00:30Z" }},
	{ "model": "enrollment.enrollment", "pk": 64, "fields": {"user": 12, "course_class": 13, "role": 2, "study_group": null,"enrolled_at": "2025-09-10T00:00:30Z" }},
	{ "model": "enrollment.enrollment", "pk": 65, "fields": {"user": 2, "course_class": 13, "role": 3, "study_group": null,"enrolled_at": "2025-09-10T00:00:30Z" }},

	{ "model": "enrollment.enrollment", "pk": 66, "fields": {"user": 6, "course_class": 14, "role": 1, "study_group": null,"enrolled_at": "2025-09-10T00:00:30Z" }},
	{ "model": "enrollment.enrollment", "pk": 67, "fields": {"user": 11, "course_class": 14, "role": 2, "study_group": null,"enrolled_at": "2025-09-10T00:00:30Z" }},
	{ "model": "enrollment.enrollment", "pk": 68, "fields": {"user": 12, "course_class": 14, "role": 2, "study_group": null,"enrolled_at": "2025-09-10T00:00:30Z" }},
	{ "model": "enrollment.enrollment", "pk": 69, "fields": {"user": 8, "course_class": 14, "role": 2, "study_group": null,"enrolled_at": "2025-09-10T00:00:30Z" }},
	{ "model": "enrollment.enrollment", "pk": 70, "fields": {"user": 2, "course_class": 14, "role": 3, "study_group": null,"enrolled_at": "2025-09-10T00:00:30Z" }},

	{ "model": "enrollment.enrollment", "pk": 71, "fields": {"user": 7, "course_class": 15, "role": 1, "study_group": null,"enrolled_at": "2025-09-10T00:00:30Z" }},
	{ "model": "enrollment.enrollment", "pk": 72, "fields": {"user": 12, "course_class": 15, "role": 2, "study_group": null,"enrolled_at": "2025-09-10T00:00:30Z" }},
	{ "model": "enrollment.enrollment", "pk": 73, "fields": {"user": 8, "course_class": 15, "role": 2, "study_group": null,"enrolled_at": "2025-09-10T00:00:30Z" }},
	{ "model": "enrollment.enrollment", "pk": 74, "fields": {"user": 9, "course_class": 15, "role": 2, "study_group": null,"enrolled_at": "2025-09-10T00:00:30Z" }},
	{ "model": "enrollment.enrollment", "pk": 75, "fields": {"user": 2, "course_class": 15, "role": 3, "study_group": null,"enrolled_at": "2025-09-10T00:00:30Z" }},

	{ "model": "enrollment.enrollment", "pk": 76, "fields": {"user": 3, "course_class": 16, "role": 1, "study_group": null,"enrolled_at": "2025-09-10T00:00:30Z" }},
	{ "model": "enrollment.enrollment", "pk": 77, "fields": {"user": 8, "course_class": 16, "role": 2, "study_group": null,"enrolled_at": "2025-09-10T00:00:30Z" }},
	{ "model": "enrollment.enrollment", "pk": 78, "fields": {"user": 9, "course_class": 16, "role": 2, "study_group": null,"enrolled_at": "2025-09-10T00:00:30Z" }},
	{ "model": "enrollment.enrollment", "pk": 79, "fields": {"user": 10, "course_class": 16, "role": 2, "study_group": null,"enrolled_at": "2025-09-10T00:00:30Z" }},
	{ "model": "enrollment.enrollment", "pk": 80, "fields": {"user": 2, "course_class": 16, "role": 3, "study_group": null,"enrolled_at": "2025-09-10T00:00:30Z" }},

	{ "model": "enrollment.enrollment", "pk": 81, "fields": {"user": 4, "course_class": 17, "role": 1, "study_group": null,"enrolled_at": "2025-09-10T00:00:30Z" }},
	{ "model": "enrollment.enrollment", "pk": 82, "fields": {"user": 9, "course_class": 17, "role": 2, "study_group": null,"enrolled_at": "2025-09-10T00:00:30Z" }},
	{ "model": "enrollment.enrollment", "pk": 83, "fields": {"user": 10, "course_class": 17, "role": 2, "study_group": null,"enrolled_at": "2025-09-10T00:00:30Z" }},
	{ "model": "enrollment.enrollment", "pk": 84, "fields": {"user": 11, "course_class": 17, "role": 2, "study_group": null,"enrolled_at": "2025-09-10T00:00:30Z" }},
	{ "model": "enrollment.enrollment", "pk": 85, "fields": {"user": 2, "course_class": 17, "role": 3, "study_group": null,"enrolled_at": "2025-09-10T00:00:30Z" }},

	{ "model": "enrollment.enrollment", "pk": 86, "fields": {"user": 5, "course_class": 18, "role": 1, "study_group": null,"enrolled_at": "2025-09-10T00:00:30Z" }},
	{ "model": "enrollment.enrollment", "pk": 87, "fields": {"user": 10, "course_class": 18, "role": 2, "study_group": null,"enrolled_at": "2025-09-10T00:00:30Z" }},
	{ "model": "enrollment.enrollment", "pk": 88, "fields": {"user": 11, "course_class": 18, "role": 2, "study_group": null,"enrolled_at": "2025-09-10T00:00:30Z" }},
	{ "model": "enrollment.enrollment", "pk": 89, "fields": {"user": 12, "course_class": 18, "role": 2, "study_group": null,"enrolled_at": "2025-09-10T00:00:30Z" }},
	{ "model": "enrollment.enrollment", "pk": 90, "fields": {"user": 2, "course_class": 18, "role": 3, "study_group": null,"enrolled_at": "2025-09-10T00:00:30Z" }},

	{ "model": "enrollment.enrollment", "pk": 91, "fields": {"user": 6, "course_class": 19, "role": 1, "study_group": null,"enrolled_at": "2025-09-10T00:00:30Z" }},
	{ "model": "enrollment.enrollment", "pk": 92, "fields": {"user": 11, "course_class": 19, "role": 2, "study_group": null,"enrolled_at": "2025-09-10T00:00:30Z" }},
	{ "model": "enrollment.enrollment", "pk": 93, "fields": {"user": 12, "course_class": 19, "role": 2, "study_group": null,"enrolled_at": "2025-09-10T00:00:30Z" }},
	{ "model": "enrollment.enrollment", "pk": 94, "fields": {"user": 8, "course_class": 19, "role": 2, "study_group": null,"enrolled_at": "2025-09-10T00:00:30Z" }},
	{ "model": "enrollment.enrollment", "pk": 95, "fields": {"user": 2, "course_class": 19, "role": 3, "study_group": null,"enrolled_at": "2025-09-10T00:00:30Z" }},

	{ "model": "enrollment.enrollment", "pk": 96, "fields": {"user": 7, "course_class": 20, "role": 1, "study_group": null,"enrolled_at": "2025-09-10T00:00:30Z" }},
	{ "model": "enrollment.enrollment", "pk": 97, "fields": {"user": 12, "course_class": 20, "role": 2, "study_group": null,"enrolled_at": "2025-09-10T00:00:30Z" }},
	{ "model": "enrollment.enrollment", "pk": 98, "fields": {"user": 8, "course_class": 20, "role": 2, "study_group": null,"enrolled_at": "2025-09-10T00:00:30Z" }},
	{ "model": "enrollment.enrollment", "pk": 99, "fields": {"user": 9, "course_class": 20, "role": 2, "study_group": null,"enrolled_at": "2025-09-10T00:00:30Z" }},
	{ "model": "enrollment.enrollment", "pk": 100, "fields": {"user": 2, "course_class": 20, "role": 3, "study_group": null,"enrolled_at": "2025-09-10T00:00:30Z" }}
]
