[
	{"model": "auth.group", "pk": 1, "fields": {"name": "admin"}},
	{"model": "auth.group", "pk": 2, "fields": {"name": "teacher"}},
	{"model": "auth.group", "pk": 3, "fields": {"name": "student"}},

	{"model": "user.user", "pk": 1, "fields": {"email": "admin1@example.com", "first_name": "Admin", "last_name": "One", "is_active": true, "is_staff": true, "is_superuser": true, "password": "pbkdf2_sha256$600000$example$c2VjcmV0aGFzaA==", "groups": [1]}},
	{"model": "user.user", "pk": 2, "fields": {"email": "admin2@example.com", "first_name": "Admin", "last_name": "Two", "is_active": true, "is_staff": true, "is_superuser": true, "password": "pbkdf2_sha256$600000$example$c2VjcmV0aGFzaA==", "groups": [1]}},

	{"model": "user.user", "pk": 3, "fields": {"email": "teacher1@example.com", "first_name": "Alice", "last_name": "Teacher", "is_active": true, "is_staff": false, "is_superuser": false, "password": "pbkdf2_sha256$600000$example$c2VjcmV0aGFzaA==", "groups": [2]}},
	{"model": "user.user", "pk": 4, "fields": {"email": "teacher2@example.com", "first_name": "Bob", "last_name": "Teacher", "is_active": true, "is_staff": false, "is_superuser": false, "password": "pbkdf2_sha256$600000$example$c2VjcmV0aGFzaA==", "groups": [2]}},
	{"model": "user.user", "pk": 5, "fields": {"email": "teacher3@example.com", "first_name": "Carol", "last_name": "Teacher", "is_active": true, "is_staff": false, "is_superuser": false, "password": "pbkdf2_sha256$600000$example$c2VjcmV0aGFzaA==", "groups": [2]}},
	{"model": "user.user", "pk": 6, "fields": {"email": "teacher4@example.com", "first_name": "Dave", "last_name": "Teacher", "is_active": true, "is_staff": false, "is_superuser": false, "password": "pbkdf2_sha256$600000$example$c2VjcmV0aGFzaA==", "groups": [2]}},
	{"model": "user.user", "pk": 7, "fields": {"email": "teacher5@example.com", "first_name": "Eve", "last_name": "Teacher", "is_active": true, "is_staff": false, "is_superuser": false, "password": "pbkdf2_sha256$600000$example$c2VjcmV0aGFzaA==", "groups": [2]}},

	{"model": "user.user", "pk": 8, "fields": {"email": "student1@example.com", "first_name": "Sam", "last_name": "Student", "is_active": true, "is_staff": false, "is_superuser": false, "password": "pbkdf2_sha256$600000$example$c2VjcmV0aGFzaA==", "groups": [3]}},
	{"model": "user.user", "pk": 9, "fields": {"email": "student2@example.com", "first_name": "Sara", "last_name": "Student", "is_active": true, "is_staff": false, "is_superuser": false, "password": "pbkdf2_sha256$600000$example$c2VjcmV0aGFzaA==", "groups": [3]}},
	{"model": "user.user", "pk": 10, "fields": {"email": "student3@example.com", "first_name": "Sean", "last_name": "Student", "is_active": true, "is_staff": false, "is_superuser": false, "password": "pbkdf2_sha256$600000$example$c2VjcmV0aGFzaA==", "groups": [3]}},
	{"model": "user.user", "pk": 11, "fields": {"email": "student4@example.com", "first_name": "Sophie", "last_name": "Student", "is_active": true, "is_staff": false, "is_superuser": false, "password": "pbkdf2_sha256$600000$example$c2VjcmV0aGFzaA==", "groups": [3]}},
	{"model": "user.user", "pk": 12, "fields": {"email": "student5@example.com", "first_name": "Steve", "last_name": "Student", "is_active": true, "is_staff": false, "is_superuser": false, "password": "pbkdf2_sha256$600000$example$c2VjcmV0aGFzaA==", "groups": [3]}},

	{"model": "institution.department", "pk": 1, "fields": {"name": "Science", "code": "SCI"}},
	{"model": "institution.department", "pk": 2, "fields": {"name": "Arts", "code": "ART"}},
	{"model": "institution.department", "pk": 3, "fields": {"name": "Business", "code": "BUS"}},

	{"model": "institution.term", "pk": 1, "fields": {"name": "Fall 2025", "start_date": "2025-09-01", "end_date": "2025-12-20"}},
	{"model": "institution.term", "pk": 2, "fields": {"name": "Spring 2026", "start_date": "2026-01-10", "end_date": "2026-05-10"}},
	{"model": "institution.term", "pk": 3, "fields": {"name": "Summer 2026", "start_date": "2026-06-05", "end_date": "2026-08-15"}},

	{"model": "courses.coursecategory", "pk": 1, "fields": {"name": "Software", "description": "Software and programming"}},
	{"model": "courses.coursecategory", "pk": 2, "fields": {"name": "Mathematics", "description": "Math courses"}},
	{"model": "courses.coursecategory", "pk": 3, "fields": {"name": "Science", "description": "Science courses"}},
	{"model": "courses.coursecategory", "pk": 4, "fields": {"name": "Design", "description": "Design and UX"}},
	{"model": "courses.coursecategory", "pk": 5, "fields": {"name": "Business", "description": "Business and management"}},

	{"model": "courses.course", "pk": 1, "fields": {"name": "Python Basics", "description": "Learn Python from scratch", "is_active": true, "categories": [1]}},
	{"model": "courses.course", "pk": 2, "fields": {"name": "Django Web Dev", "description": "Build web apps with Django", "is_active": true, "categories": [1]}},
	{"model": "courses.course", "pk": 3, "fields": {"name": "Data Structures", "description": "Core DS concepts", "is_active": true, "categories": [2,1]}},
	{"model": "courses.course", "pk": 4, "fields": {"name": "Algorithms", "description": "Algorithm design and analysis", "is_active": true, "categories": [2]}},
	{"model": "courses.course", "pk": 5, "fields": {"name": "Physics 101", "description": "Intro to Physics", "is_active": true, "categories": [3]}},
	{"model": "courses.course", "pk": 6, "fields": {"name": "Chemistry Basics", "description": "Intro to Chemistry", "is_active": true, "categories": [3]}},
	{"model": "courses.course", "pk": 7, "fields": {"name": "UI/UX Design", "description": "User experience fundamentals", "is_active": true, "categories": [4]}},
	{"model": "courses.course", "pk": 8, "fields": {"name": "Project Management", "description": "Manage tech projects", "is_active": true, "categories": [5]}},
	{"model": "courses.course", "pk": 9, "fields": {"name": "Machine Learning", "description": "ML basics", "is_active": true, "categories": [1,2]}},
	{"model": "courses.course", "pk": 10, "fields": {"name": "Databases", "description": "Relational databases", "is_active": true, "categories": [1]}},

    {"model": "courseware.coursetemplate", "pk": 1, "fields": {"title": "Template 1", "description": "Base structure 1", "owner": 3, "created_at": "2025-09-10T00:00:01Z", "updated_at": "2025-09-10T00:00:01Z"}},
    {"model": "courseware.coursetemplate", "pk": 2, "fields": {"title": "Template 2", "description": "Base structure 2", "owner": 4, "created_at": "2025-09-10T00:00:02Z", "updated_at": "2025-09-10T00:00:02Z"}},
    {"model": "courseware.coursetemplate", "pk": 3, "fields": {"title": "Template 3", "description": "Base structure 3", "owner": 5, "created_at": "2025-09-10T00:00:03Z", "updated_at": "2025-09-10T00:00:03Z"}},
    {"model": "courseware.coursetemplate", "pk": 4, "fields": {"title": "Template 4", "description": "Base structure 4", "owner": 6, "created_at": "2025-09-10T00:00:04Z", "updated_at": "2025-09-10T00:00:04Z"}},
    {"model": "courseware.coursetemplate", "pk": 5, "fields": {"title": "Template 5", "description": "Base structure 5", "owner": 7, "created_at": "2025-09-10T00:00:05Z", "updated_at": "2025-09-10T00:00:05Z"}},
    {"model": "courseware.coursetemplate", "pk": 6, "fields": {"title": "Template 6", "description": "Base structure 6", "owner": 3, "created_at": "2025-09-10T00:00:06Z", "updated_at": "2025-09-10T00:00:06Z"}},
    {"model": "courseware.coursetemplate", "pk": 7, "fields": {"title": "Template 7", "description": "Base structure 7", "owner": 4, "created_at": "2025-09-10T00:00:07Z", "updated_at": "2025-09-10T00:00:07Z"}},
    {"model": "courseware.coursetemplate", "pk": 8, "fields": {"title": "Template 8", "description": "Base structure 8", "owner": 5, "created_at": "2025-09-10T00:00:08Z", "updated_at": "2025-09-10T00:00:08Z"}},
    {"model": "courseware.coursetemplate", "pk": 9, "fields": {"title": "Template 9", "description": "Base structure 9", "owner": 6, "created_at": "2025-09-10T00:00:09Z", "updated_at": "2025-09-10T00:00:09Z"}},
    {"model": "courseware.coursetemplate", "pk": 10, "fields": {"title": "Template 10", "description": "Base structure 10", "owner": 7, "created_at": "2025-09-10T00:00:10Z", "updated_at": "2025-09-10T00:00:10Z"}},
    {"model": "courseware.coursetemplate", "pk": 11, "fields": {"title": "Template 11", "description": "Base structure 11", "owner": 3, "created_at": "2025-09-10T00:00:11Z", "updated_at": "2025-09-10T00:00:11Z"}},
    {"model": "courseware.coursetemplate", "pk": 12, "fields": {"title": "Template 12", "description": "Base structure 12", "owner": 4, "created_at": "2025-09-10T00:00:12Z", "updated_at": "2025-09-10T00:00:12Z"}},
    {"model": "courseware.coursetemplate", "pk": 13, "fields": {"title": "Template 13", "description": "Base structure 13", "owner": 5, "created_at": "2025-09-10T00:00:13Z", "updated_at": "2025-09-10T00:00:13Z"}},
    {"model": "courseware.coursetemplate", "pk": 14, "fields": {"title": "Template 14", "description": "Base structure 14", "owner": 6, "created_at": "2025-09-10T00:00:14Z", "updated_at": "2025-09-10T00:00:14Z"}},
    {"model": "courseware.coursetemplate", "pk": 15, "fields": {"title": "Template 15", "description": "Base structure 15", "owner": 7, "created_at": "2025-09-10T00:00:15Z", "updated_at": "2025-09-10T00:00:15Z"}},
    {"model": "courseware.coursetemplate", "pk": 16, "fields": {"title": "Template 16", "description": "Base structure 16", "owner": 3, "created_at": "2025-09-10T00:00:16Z", "updated_at": "2025-09-10T00:00:16Z"}},
    {"model": "courseware.coursetemplate", "pk": 17, "fields": {"title": "Template 17", "description": "Base structure 17", "owner": 4, "created_at": "2025-09-10T00:00:17Z", "updated_at": "2025-09-10T00:00:17Z"}},
    {"model": "courseware.coursetemplate", "pk": 18, "fields": {"title": "Template 18", "description": "Base structure 18", "owner": 5, "created_at": "2025-09-10T00:00:18Z", "updated_at": "2025-09-10T00:00:18Z"}},
    {"model": "courseware.coursetemplate", "pk": 19, "fields": {"title": "Template 19", "description": "Base structure 19", "owner": 6, "created_at": "2025-09-10T00:00:19Z", "updated_at": "2025-09-10T00:00:19Z"}},
    {"model": "courseware.coursetemplate", "pk": 20, "fields": {"title": "Template 20", "description": "Base structure 20", "owner": 7, "created_at": "2025-09-10T00:00:20Z", "updated_at": "2025-09-10T00:00:20Z"}},
    {"model": "courseware.coursetemplate", "pk": 21, "fields": {"title": "Template 21", "description": "Base structure 21", "owner": 3, "created_at": "2025-09-10T00:00:21Z", "updated_at": "2025-09-10T00:00:21Z"}},
    {"model": "courseware.coursetemplate", "pk": 22, "fields": {"title": "Template 22", "description": "Base structure 22", "owner": 4, "created_at": "2025-09-10T00:00:22Z", "updated_at": "2025-09-10T00:00:22Z"}},
    {"model": "courseware.coursetemplate", "pk": 23, "fields": {"title": "Template 23", "description": "Base structure 23", "owner": 5, "created_at": "2025-09-10T00:00:23Z", "updated_at": "2025-09-10T00:00:23Z"}},
    {"model": "courseware.coursetemplate", "pk": 24, "fields": {"title": "Template 24", "description": "Base structure 24", "owner": 6, "created_at": "2025-09-10T00:00:24Z", "updated_at": "2025-09-10T00:00:24Z"}},
    {"model": "courseware.coursetemplate", "pk": 25, "fields": {"title": "Template 25", "description": "Base structure 25", "owner": 7, "created_at": "2025-09-10T00:00:25Z", "updated_at": "2025-09-10T00:00:25Z"}},
    {"model": "courseware.coursetemplate", "pk": 26, "fields": {"title": "Template 26", "description": "Base structure 26", "owner": 3, "created_at": "2025-09-10T00:00:26Z", "updated_at": "2025-09-10T00:00:26Z"}},
    {"model": "courseware.coursetemplate", "pk": 27, "fields": {"title": "Template 27", "description": "Base structure 27", "owner": 4, "created_at": "2025-09-10T00:00:27Z", "updated_at": "2025-09-10T00:00:27Z"}},
    {"model": "courseware.coursetemplate", "pk": 28, "fields": {"title": "Template 28", "description": "Base structure 28", "owner": 5, "created_at": "2025-09-10T00:00:28Z", "updated_at": "2025-09-10T00:00:28Z"}},
    {"model": "courseware.coursetemplate", "pk": 29, "fields": {"title": "Template 29", "description": "Base structure 29", "owner": 6, "created_at": "2025-09-10T00:00:29Z", "updated_at": "2025-09-10T00:00:29Z"}},
    {"model": "courseware.coursetemplate", "pk": 30, "fields": {"title": "Template 30", "description": "Base structure 30", "owner": 7, "created_at": "2025-09-10T00:00:30Z", "updated_at": "2025-09-10T00:00:30Z"}},

	{"model": "courseware.module", "pk": 1, "fields": {"title": "Module 1", "content": "Module 1 content"}},
	{"model": "courseware.module", "pk": 2, "fields": {"title": "Module 2", "content": "Module 2 content"}},
	{"model": "courseware.module", "pk": 3, "fields": {"title": "Module 3", "content": "Module 3 content"}},
	{"model": "courseware.module", "pk": 4, "fields": {"title": "Module 4", "content": "Module 4 content"}},
	{"model": "courseware.module", "pk": 5, "fields": {"title": "Module 5", "content": "Module 5 content"}},
	{"model": "courseware.module", "pk": 6, "fields": {"title": "Module 6", "content": "Module 6 content"}},
	{"model": "courseware.module", "pk": 7, "fields": {"title": "Module 7", "content": "Module 7 content"}},
	{"model": "courseware.module", "pk": 8, "fields": {"title": "Module 8", "content": "Module 8 content"}},
	{"model": "courseware.module", "pk": 9, "fields": {"title": "Module 9", "content": "Module 9 content"}},
	{"model": "courseware.module", "pk": 10, "fields": {"title": "Module 10", "content": "Module 10 content"}},
	{"model": "courseware.module", "pk": 11, "fields": {"title": "Module 11", "content": "Module 11 content"}},
	{"model": "courseware.module", "pk": 12, "fields": {"title": "Module 12", "content": "Module 12 content"}},
	{"model": "courseware.module", "pk": 13, "fields": {"title": "Module 13", "content": "Module 13 content"}},
	{"model": "courseware.module", "pk": 14, "fields": {"title": "Module 14", "content": "Module 14 content"}},
	{"model": "courseware.module", "pk": 15, "fields": {"title": "Module 15", "content": "Module 15 content"}},
	{"model": "courseware.module", "pk": 16, "fields": {"title": "Module 16", "content": "Module 16 content"}},
	{"model": "courseware.module", "pk": 17, "fields": {"title": "Module 17", "content": "Module 17 content"}},
	{"model": "courseware.module", "pk": 18, "fields": {"title": "Module 18", "content": "Module 18 content"}},
	{"model": "courseware.module", "pk": 19, "fields": {"title": "Module 19", "content": "Module 19 content"}},
	{"model": "courseware.module", "pk": 20, "fields": {"title": "Module 20", "content": "Module 20 content"}},
	{"model": "courseware.module", "pk": 21, "fields": {"title": "Module 21", "content": "Module 21 content"}},
	{"model": "courseware.module", "pk": 22, "fields": {"title": "Module 22", "content": "Module 22 content"}},
	{"model": "courseware.module", "pk": 23, "fields": {"title": "Module 23", "content": "Module 23 content"}},
	{"model": "courseware.module", "pk": 24, "fields": {"title": "Module 24", "content": "Module 24 content"}},
	{"model": "courseware.module", "pk": 25, "fields": {"title": "Module 25", "content": "Module 25 content"}},
	{"model": "courseware.module", "pk": 26, "fields": {"title": "Module 26", "content": "Module 26 content"}},
	{"model": "courseware.module", "pk": 27, "fields": {"title": "Module 27", "content": "Module 27 content"}},
	{"model": "courseware.module", "pk": 28, "fields": {"title": "Module 28", "content": "Module 28 content"}},
	{"model": "courseware.module", "pk": 29, "fields": {"title": "Module 29", "content": "Module 29 content"}},
	{"model": "courseware.module", "pk": 30, "fields": {"title": "Module 30", "content": "Module 30 content"}},

	{"model": "courseware.lesson", "pk": 1, "fields": {"title": "Lesson 1", "content": "Lesson 1 content"}},
	{"model": "courseware.lesson", "pk": 2, "fields": {"title": "Lesson 2", "content": "Lesson 2 content"}},
	{"model": "courseware.lesson", "pk": 3, "fields": {"title": "Lesson 3", "content": "Lesson 3 content"}},
	{"model": "courseware.lesson", "pk": 4, "fields": {"title": "Lesson 4", "content": "Lesson 4 content"}},
	{"model": "courseware.lesson", "pk": 5, "fields": {"title": "Lesson 5", "content": "Lesson 5 content"}},
	{"model": "courseware.lesson", "pk": 6, "fields": {"title": "Lesson 6", "content": "Lesson 6 content"}},
	{"model": "courseware.lesson", "pk": 7, "fields": {"title": "Lesson 7", "content": "Lesson 7 content"}},
	{"model": "courseware.lesson", "pk": 8, "fields": {"title": "Lesson 8", "content": "Lesson 8 content"}},
	{"model": "courseware.lesson", "pk": 9, "fields": {"title": "Lesson 9", "content": "Lesson 9 content"}},
	{"model": "courseware.lesson", "pk": 10, "fields": {"title": "Lesson 10", "content": "Lesson 10 content"}},
	{"model": "courseware.lesson", "pk": 11, "fields": {"title": "Lesson 11", "content": "Lesson 11 content"}},
	{"model": "courseware.lesson", "pk": 12, "fields": {"title": "Lesson 12", "content": "Lesson 12 content"}},
	{"model": "courseware.lesson", "pk": 13, "fields": {"title": "Lesson 13", "content": "Lesson 13 content"}},
	{"model": "courseware.lesson", "pk": 14, "fields": {"title": "Lesson 14", "content": "Lesson 14 content"}},
	{"model": "courseware.lesson", "pk": 15, "fields": {"title": "Lesson 15", "content": "Lesson 15 content"}},
	{"model": "courseware.lesson", "pk": 16, "fields": {"title": "Lesson 16", "content": "Lesson 16 content"}},
	{"model": "courseware.lesson", "pk": 17, "fields": {"title": "Lesson 17", "content": "Lesson 17 content"}},
	{"model": "courseware.lesson", "pk": 18, "fields": {"title": "Lesson 18", "content": "Lesson 18 content"}},
	{"model": "courseware.lesson", "pk": 19, "fields": {"title": "Lesson 19", "content": "Lesson 19 content"}},
	{"model": "courseware.lesson", "pk": 20, "fields": {"title": "Lesson 20", "content": "Lesson 20 content"}},
	{"model": "courseware.lesson", "pk": 21, "fields": {"title": "Lesson 21", "content": "Lesson 21 content"}},
	{"model": "courseware.lesson", "pk": 22, "fields": {"title": "Lesson 22", "content": "Lesson 22 content"}},
	{"model": "courseware.lesson", "pk": 23, "fields": {"title": "Lesson 23", "content": "Lesson 23 content"}},
	{"model": "courseware.lesson", "pk": 24, "fields": {"title": "Lesson 24", "content": "Lesson 24 content"}},
	{"model": "courseware.lesson", "pk": 25, "fields": {"title": "Lesson 25", "content": "Lesson 25 content"}},
	{"model": "courseware.lesson", "pk": 26, "fields": {"title": "Lesson 26", "content": "Lesson 26 content"}},
	{"model": "courseware.lesson", "pk": 27, "fields": {"title": "Lesson 27", "content": "Lesson 27 content"}},
	{"model": "courseware.lesson", "pk": 28, "fields": {"title": "Lesson 28", "content": "Lesson 28 content"}},
	{"model": "courseware.lesson", "pk": 29, "fields": {"title": "Lesson 29", "content": "Lesson 29 content"}},
	{"model": "courseware.lesson", "pk": 30, "fields": {"title": "Lesson 30", "content": "Lesson 30 content"}},

	{"model": "courseware.templatenode", "pk": 1, "fields": {"content_type": ["courseware", "module"], "object_id": 1, "course_template": 1, "parent": null, "order": 1}},
	{"model": "courseware.templatenode", "pk": 2, "fields": {"content_type": ["courseware", "module"], "object_id": 2, "course_template": 2, "parent": null, "order": 1}},
	{"model": "courseware.templatenode", "pk": 3, "fields": {"content_type": ["courseware", "module"], "object_id": 3, "course_template": 3, "parent": null, "order": 1}},
	{"model": "courseware.templatenode", "pk": 4, "fields": {"content_type": ["courseware", "module"], "object_id": 4, "course_template": 4, "parent": null, "order": 1}},
	{"model": "courseware.templatenode", "pk": 5, "fields": {"content_type": ["courseware", "module"], "object_id": 5, "course_template": 5, "parent": null, "order": 1}},
	{"model": "courseware.templatenode", "pk": 6, "fields": {"content_type": ["courseware", "module"], "object_id": 6, "course_template": 6, "parent": null, "order": 1}},
	{"model": "courseware.templatenode", "pk": 7, "fields": {"content_type": ["courseware", "module"], "object_id": 7, "course_template": 7, "parent": null, "order": 1}},
	{"model": "courseware.templatenode", "pk": 8, "fields": {"content_type": ["courseware", "module"], "object_id": 8, "course_template": 8, "parent": null, "order": 1}},
	{"model": "courseware.templatenode", "pk": 9, "fields": {"content_type": ["courseware", "module"], "object_id": 9, "course_template": 9, "parent": null, "order": 1}},
	{"model": "courseware.templatenode", "pk": 10, "fields": {"content_type": ["courseware", "module"], "object_id": 10, "course_template": 10, "parent": null, "order": 1}},
	{"model": "courseware.templatenode", "pk": 11, "fields": {"content_type": ["courseware", "module"], "object_id": 11, "course_template": 11, "parent": null, "order": 1}},
	{"model": "courseware.templatenode", "pk": 12, "fields": {"content_type": ["courseware", "module"], "object_id": 12, "course_template": 12, "parent": null, "order": 1}},
	{"model": "courseware.templatenode", "pk": 13, "fields": {"content_type": ["courseware", "module"], "object_id": 13, "course_template": 13, "parent": null, "order": 1}},
	{"model": "courseware.templatenode", "pk": 14, "fields": {"content_type": ["courseware", "module"], "object_id": 14, "course_template": 14, "parent": null, "order": 1}},
	{"model": "courseware.templatenode", "pk": 15, "fields": {"content_type": ["courseware", "module"], "object_id": 15, "course_template": 15, "parent": null, "order": 1}},
	{"model": "courseware.templatenode", "pk": 16, "fields": {"content_type": ["courseware", "module"], "object_id": 16, "course_template": 16, "parent": null, "order": 1}},
	{"model": "courseware.templatenode", "pk": 17, "fields": {"content_type": ["courseware", "module"], "object_id": 17, "course_template": 17, "parent": null, "order": 1}},
	{"model": "courseware.templatenode", "pk": 18, "fields": {"content_type": ["courseware", "module"], "object_id": 18, "course_template": 18, "parent": null, "order": 1}},
	{"model": "courseware.templatenode", "pk": 19, "fields": {"content_type": ["courseware", "module"], "object_id": 19, "course_template": 19, "parent": null, "order": 1}},
	{"model": "courseware.templatenode", "pk": 20, "fields": {"content_type": ["courseware", "module"], "object_id": 20, "course_template": 20, "parent": null, "order": 1}},
	{"model": "courseware.templatenode", "pk": 21, "fields": {"content_type": ["courseware", "module"], "object_id": 21, "course_template": 21, "parent": null, "order": 1}},
	{"model": "courseware.templatenode", "pk": 22, "fields": {"content_type": ["courseware", "module"], "object_id": 22, "course_template": 22, "parent": null, "order": 1}},
	{"model": "courseware.templatenode", "pk": 23, "fields": {"content_type": ["courseware", "module"], "object_id": 23, "course_template": 23, "parent": null, "order": 1}},
	{"model": "courseware.templatenode", "pk": 24, "fields": {"content_type": ["courseware", "module"], "object_id": 24, "course_template": 24, "parent": null, "order": 1}},
	{"model": "courseware.templatenode", "pk": 25, "fields": {"content_type": ["courseware", "module"], "object_id": 25, "course_template": 25, "parent": null, "order": 1}},
	{"model": "courseware.templatenode", "pk": 26, "fields": {"content_type": ["courseware", "module"], "object_id": 26, "course_template": 26, "parent": null, "order": 1}},
	{"model": "courseware.templatenode", "pk": 27, "fields": {"content_type": ["courseware", "module"], "object_id": 27, "course_template": 27, "parent": null, "order": 1}},
	{"model": "courseware.templatenode", "pk": 28, "fields": {"content_type": ["courseware", "module"], "object_id": 28, "course_template": 28, "parent": null, "order": 1}},
	{"model": "courseware.templatenode", "pk": 29, "fields": {"content_type": ["courseware", "module"], "object_id": 29, "course_template": 29, "parent": null, "order": 1}},
	{"model": "courseware.templatenode", "pk": 30, "fields": {"content_type": ["courseware", "module"], "object_id": 30, "course_template": 30, "parent": null, "order": 1}},

	{"model": "courseware.templatenode", "pk": 31, "fields": {"content_type": ["courseware", "lesson"], "object_id": 1, "course_template": 1, "parent": 1, "order": 1}},
	{"model": "courseware.templatenode", "pk": 32, "fields": {"content_type": ["courseware", "lesson"], "object_id": 2, "course_template": 2, "parent": 2, "order": 1}},
	{"model": "courseware.templatenode", "pk": 33, "fields": {"content_type": ["courseware", "lesson"], "object_id": 3, "course_template": 3, "parent": 3, "order": 1}},
	{"model": "courseware.templatenode", "pk": 34, "fields": {"content_type": ["courseware", "lesson"], "object_id": 4, "course_template": 4, "parent": 4, "order": 1}},
	{"model": "courseware.templatenode", "pk": 35, "fields": {"content_type": ["courseware", "lesson"], "object_id": 5, "course_template": 5, "parent": 5, "order": 1}},
	{"model": "courseware.templatenode", "pk": 36, "fields": {"content_type": ["courseware", "lesson"], "object_id": 6, "course_template": 6, "parent": 6, "order": 1}},
	{"model": "courseware.templatenode", "pk": 37, "fields": {"content_type": ["courseware", "lesson"], "object_id": 7, "course_template": 7, "parent": 7, "order": 1}},
	{"model": "courseware.templatenode", "pk": 38, "fields": {"content_type": ["courseware", "lesson"], "object_id": 8, "course_template": 8, "parent": 8, "order": 1}},
	{"model": "courseware.templatenode", "pk": 39, "fields": {"content_type": ["courseware", "lesson"], "object_id": 9, "course_template": 9, "parent": 9, "order": 1}},
	{"model": "courseware.templatenode", "pk": 40, "fields": {"content_type": ["courseware", "lesson"], "object_id": 10, "course_template": 10, "parent": 10, "order": 1}},
	{"model": "courseware.templatenode", "pk": 41, "fields": {"content_type": ["courseware", "lesson"], "object_id": 11, "course_template": 11, "parent": 11, "order": 1}},
	{"model": "courseware.templatenode", "pk": 42, "fields": {"content_type": ["courseware", "lesson"], "object_id": 12, "course_template": 12, "parent": 12, "order": 1}},
	{"model": "courseware.templatenode", "pk": 43, "fields": {"content_type": ["courseware", "lesson"], "object_id": 13, "course_template": 13, "parent": 13, "order": 1}},
	{"model": "courseware.templatenode", "pk": 44, "fields": {"content_type": ["courseware", "lesson"], "object_id": 14, "course_template": 14, "parent": 14, "order": 1}},
	{"model": "courseware.templatenode", "pk": 45, "fields": {"content_type": ["courseware", "lesson"], "object_id": 15, "course_template": 15, "parent": 15, "order": 1}},
	{"model": "courseware.templatenode", "pk": 46, "fields": {"content_type": ["courseware", "lesson"], "object_id": 16, "course_template": 16, "parent": 16, "order": 1}},
	{"model": "courseware.templatenode", "pk": 47, "fields": {"content_type": ["courseware", "lesson"], "object_id": 17, "course_template": 17, "parent": 17, "order": 1}},
	{"model": "courseware.templatenode", "pk": 48, "fields": {"content_type": ["courseware", "lesson"], "object_id": 18, "course_template": 18, "parent": 18, "order": 1}},
	{"model": "courseware.templatenode", "pk": 49, "fields": {"content_type": ["courseware", "lesson"], "object_id": 19, "course_template": 19, "parent": 19, "order": 1}},
	{"model": "courseware.templatenode", "pk": 50, "fields": {"content_type": ["courseware", "lesson"], "object_id": 20, "course_template": 20, "parent": 20, "order": 1}},
	{"model": "courseware.templatenode", "pk": 51, "fields": {"content_type": ["courseware", "lesson"], "object_id": 21, "course_template": 21, "parent": 21, "order": 1}},
	{"model": "courseware.templatenode", "pk": 52, "fields": {"content_type": ["courseware", "lesson"], "object_id": 22, "course_template": 22, "parent": 22, "order": 1}},
	{"model": "courseware.templatenode", "pk": 53, "fields": {"content_type": ["courseware", "lesson"], "object_id": 23, "course_template": 23, "parent": 23, "order": 1}},
	{"model": "courseware.templatenode", "pk": 54, "fields": {"content_type": ["courseware", "lesson"], "object_id": 24, "course_template": 24, "parent": 24, "order": 1}},
	{"model": "courseware.templatenode", "pk": 55, "fields": {"content_type": ["courseware", "lesson"], "object_id": 25, "course_template": 25, "parent": 25, "order": 1}},
	{"model": "courseware.templatenode", "pk": 56, "fields": {"content_type": ["courseware", "lesson"], "object_id": 26, "course_template": 26, "parent": 26, "order": 1}},
	{"model": "courseware.templatenode", "pk": 57, "fields": {"content_type": ["courseware", "lesson"], "object_id": 27, "course_template": 27, "parent": 27, "order": 1}},
	{"model": "courseware.templatenode", "pk": 58, "fields": {"content_type": ["courseware", "lesson"], "object_id": 28, "course_template": 28, "parent": 28, "order": 1}},
	{"model": "courseware.templatenode", "pk": 59, "fields": {"content_type": ["courseware", "lesson"], "object_id": 29, "course_template": 29, "parent": 29, "order": 1}},
	{"model": "courseware.templatenode", "pk": 60, "fields": {"content_type": ["courseware", "lesson"], "object_id": 30, "course_template": 30, "parent": 30, "order": 1}},

	{"model": "courses.courseclass", "pk": 1, "fields": {"name": "Python Basics - A", "description": "Section A", "start_date": "2025-09-05", "end_date": "2025-12-10", "is_open": true, "is_active": true, "course": 1, "term": 1, "department": 1, "course_template": 1}},
	{"model": "courses.courseclass", "pk": 2, "fields": {"name": "Python Basics - B", "description": "Section B", "start_date": "2025-09-06", "end_date": "2025-12-11", "is_open": true, "is_active": true, "course": 1, "term": 1, "department": 1, "course_template": 2}},
	{"model": "courses.courseclass", "pk": 3, "fields": {"name": "Django Web Dev - A", "description": "Evening", "start_date": "2025-09-10", "end_date": "2025-12-15", "is_open": true, "is_active": true, "course": 2, "term": 1, "department": 1, "course_template": 3}},
	{"model": "courses.courseclass", "pk": 4, "fields": {"name": "Django Web Dev - B", "description": "Weekend", "start_date": "2025-09-12", "end_date": "2025-12-17", "is_open": true, "is_active": true, "course": 2, "term": 1, "department": 1, "course_template": 4}},
	{"model": "courses.courseclass", "pk": 5, "fields": {"name": "Data Structures - A", "description": "Morning", "start_date": "2025-09-07", "end_date": "2025-12-12", "is_open": true, "is_active": true, "course": 3, "term": 1, "department": 2, "course_template": 5}},
	{"model": "courses.courseclass", "pk": 6, "fields": {"name": "Algorithms - A", "description": "Morning", "start_date": "2025-09-08", "end_date": "2025-12-13", "is_open": true, "is_active": true, "course": 4, "term": 1, "department": 2, "course_template": 6}},
	{"model": "courses.courseclass", "pk": 7, "fields": {"name": "Physics 101 - A", "description": "Lab included", "start_date": "2025-09-09", "end_date": "2025-12-14", "is_open": false, "is_active": true, "course": 5, "term": 1, "department": 1, "course_template": 7}},
	{"model": "courses.courseclass", "pk": 8, "fields": {"name": "Chemistry Basics - A", "description": "", "start_date": "2025-09-09", "end_date": "2025-12-14", "is_open": false, "is_active": true, "course": 6, "term": 1, "department": 1, "course_template": 8}},
	{"model": "courses.courseclass", "pk": 9, "fields": {"name": "UI/UX Design - A", "description": "", "start_date": "2026-01-12", "end_date": "2026-05-05", "is_open": true, "is_active": true, "course": 7, "term": 2, "department": 3, "course_template": 9}},
	{"model": "courses.courseclass", "pk": 10, "fields": {"name": "Project Management - A", "description": "", "start_date": "2026-01-15", "end_date": "2026-05-08", "is_open": true, "is_active": true, "course": 8, "term": 2, "department": 3, "course_template": 10}},
	{"model": "courses.courseclass", "pk": 11, "fields": {"name": "Machine Learning - A", "description": "", "start_date": "2026-01-20", "end_date": "2026-05-12", "is_open": true, "is_active": true, "course": 9, "term": 2, "department": 2, "course_template": 11}},
	{"model": "courses.courseclass", "pk": 12, "fields": {"name": "Databases - A", "description": "", "start_date": "2026-01-22", "end_date": "2026-05-14", "is_open": true, "is_active": true, "course": 10, "term": 2, "department": 2, "course_template": 12}},
	{"model": "courses.courseclass", "pk": 13, "fields": {"name": "Python Basics - Spring", "description": "", "start_date": "2026-01-25", "end_date": "2026-05-20", "is_open": true, "is_active": true, "course": 1, "term": 2, "department": 1, "course_template": 13}},
	{"model": "courses.courseclass", "pk": 14, "fields": {"name": "Django Web Dev - Spring", "description": "", "start_date": "2026-01-26", "end_date": "2026-05-21", "is_open": true, "is_active": true, "course": 2, "term": 2, "department": 1, "course_template": 14}},
	{"model": "courses.courseclass", "pk": 15, "fields": {"name": "Data Structures - Spring", "description": "", "start_date": "2026-01-27", "end_date": "2026-05-22", "is_open": true, "is_active": true, "course": 3, "term": 2, "department": 2, "course_template": 15}},
	{"model": "courses.courseclass", "pk": 16, "fields": {"name": "Algorithms - Spring", "description": "", "start_date": "2026-01-28", "end_date": "2026-05-23", "is_open": true, "is_active": true, "course": 4, "term": 2, "department": 2, "course_template": 16}},
	{"model": "courses.courseclass", "pk": 17, "fields": {"name": "Physics 101 - Spring", "description": "", "start_date": "2026-01-29", "end_date": "2026-05-24", "is_open": true, "is_active": true, "course": 5, "term": 2, "department": 1, "course_template": 17}},
	{"model": "courses.courseclass", "pk": 18, "fields": {"name": "Chemistry Basics - Spring", "description": "", "start_date": "2026-01-30", "end_date": "2026-05-25", "is_open": true, "is_active": true, "course": 6, "term": 2, "department": 1, "course_template": 18}},
	{"model": "courses.courseclass", "pk": 19, "fields": {"name": "UI/UX Design - Summer", "description": "", "start_date": "2026-06-10", "end_date": "2026-08-10", "is_open": true, "is_active": true, "course": 7, "term": 3, "department": 3, "course_template": 19}},
	{"model": "courses.courseclass", "pk": 20, "fields": {"name": "Project Management - Summer", "description": "", "start_date": "2026-06-12", "end_date": "2026-08-12", "is_open": true, "is_active": true, "course": 8, "term": 3, "department": 3, "course_template": 20}},

	{ "model": "enrollment.enrollment", "pk": 1, "fields": {"user": 3, "course_class": 1, "role": 1, "study_group": null,"enrolled_at": "2025-09-10T00:00:30Z" }},
	{ "model": "enrollment.enrollment", "pk": 2, "fields": {"user": 8, "course_class": 1, "role": 2, "study_group": null,"enrolled_at": "2025-09-10T00:00:30Z" }},
	{ "model": "enrollment.enrollment", "pk": 3, "fields": {"user": 9, "course_class": 1, "role": 2, "study_group": null,"enrolled_at": "2025-09-10T00:00:30Z" }},
	{ "model": "enrollment.enrollment", "pk": 4, "fields": {"user": 10, "course_class": 1, "role": 2, "study_group": null,"enrolled_at": "2025-09-10T00:00:30Z" }},
	{ "model": "enrollment.enrollment", "pk": 5, "fields": {"user": 1, "course_class": 1, "role": 3, "study_group": null,"enrolled_at": "2025-09-10T00:00:30Z" }},

	{ "model": "enrollment.enrollment", "pk": 6, "fields": {"user": 4, "course_class": 2, "role": 1, "study_group": null,"enrolled_at": "2025-09-10T00:00:30Z" }},
	{ "model": "enrollment.enrollment", "pk": 7, "fields": {"user": 9, "course_class": 2, "role": 2, "study_group": null,"enrolled_at": "2025-09-10T00:00:30Z" }},
	{ "model": "enrollment.enrollment", "pk": 8, "fields": {"user": 10, "course_class": 2, "role": 2, "study_group": null,"enrolled_at": "2025-09-10T00:00:30Z" }},
	{ "model": "enrollment.enrollment", "pk": 9, "fields": {"user": 11, "course_class": 2, "role": 2, "study_group": null,"enrolled_at": "2025-09-10T00:00:30Z" }},
	{ "model": "enrollment.enrollment", "pk": 10, "fields": {"user": 1, "course_class": 2, "role": 3, "study_group": null,"enrolled_at": "2025-09-10T00:00:30Z" }},

	{ "model": "enrollment.enrollment", "pk": 11, "fields": {"user": 5, "course_class": 3, "role": 1, "study_group": null,"enrolled_at": "2025-09-10T00:00:30Z" }},
	{ "model": "enrollment.enrollment", "pk": 12, "fields": {"user": 10, "course_class": 3, "role": 2, "study_group": null,"enrolled_at": "2025-09-10T00:00:30Z" }},
	{ "model": "enrollment.enrollment", "pk": 13, "fields": {"user": 11, "course_class": 3, "role": 2, "study_group": null,"enrolled_at": "2025-09-10T00:00:30Z" }},
	{ "model": "enrollment.enrollment", "pk": 14, "fields": {"user": 12, "course_class": 3, "role": 2, "study_group": null,"enrolled_at": "2025-09-10T00:00:30Z" }},
	{ "model": "enrollment.enrollment", "pk": 15, "fields": {"user": 1, "course_class": 3, "role": 3, "study_group": null,"enrolled_at": "2025-09-10T00:00:30Z" }},

	{ "model": "enrollment.enrollment", "pk": 16, "fields": {"user": 6, "course_class": 4, "role": 1, "study_group": null,"enrolled_at": "2025-09-10T00:00:30Z" }},
	{ "model": "enrollment.enrollment", "pk": 17, "fields": {"user": 11, "course_class": 4, "role": 2, "study_group": null,"enrolled_at": "2025-09-10T00:00:30Z" }},
	{ "model": "enrollment.enrollment", "pk": 18, "fields": {"user": 12, "course_class": 4, "role": 2, "study_group": null,"enrolled_at": "2025-09-10T00:00:30Z" }},
	{ "model": "enrollment.enrollment", "pk": 19, "fields": {"user": 8, "course_class": 4, "role": 2, "study_group": null,"enrolled_at": "2025-09-10T00:00:30Z" }},
	{ "model": "enrollment.enrollment", "pk": 20, "fields": {"user": 1, "course_class": 4, "role": 3, "study_group": null,"enrolled_at": "2025-09-10T00:00:30Z" }},

	{ "model": "enrollment.enrollment", "pk": 21, "fields": {"user": 7, "course_class": 5, "role": 1, "study_group": null,"enrolled_at": "2025-09-10T00:00:30Z" }},
	{ "model": "enrollment.enrollment", "pk": 22, "fields": {"user": 12, "course_class": 5, "role": 2, "study_group": null,"enrolled_at": "2025-09-10T00:00:30Z" }},
	{ "model": "enrollment.enrollment", "pk": 23, "fields": {"user": 8, "course_class": 5, "role": 2, "study_group": null,"enrolled_at": "2025-09-10T00:00:30Z" }},
	{ "model": "enrollment.enrollment", "pk": 24, "fields": {"user": 9, "course_class": 5, "role": 2, "study_group": null,"enrolled_at": "2025-09-10T00:00:30Z" }},
	{ "model": "enrollment.enrollment", "pk": 25, "fields": {"user": 1, "course_class": 5, "role": 3, "study_group": null,"enrolled_at": "2025-09-10T00:00:30Z" }},

	{ "model": "enrollment.enrollment", "pk": 26, "fields": {"user": 3, "course_class": 6, "role": 1, "study_group": null,"enrolled_at": "2025-09-10T00:00:30Z" }},
	{ "model": "enrollment.enrollment", "pk": 27, "fields": {"user": 8, "course_class": 6, "role": 2, "study_group": null,"enrolled_at": "2025-09-10T00:00:30Z" }},
	{ "model": "enrollment.enrollment", "pk": 28, "fields": {"user": 9, "course_class": 6, "role": 2, "study_group": null,"enrolled_at": "2025-09-10T00:00:30Z" }},
	{ "model": "enrollment.enrollment", "pk": 29, "fields": {"user": 10, "course_class": 6, "role": 2, "study_group": null,"enrolled_at": "2025-09-10T00:00:30Z" }},
	{ "model": "enrollment.enrollment", "pk": 30, "fields": {"user": 1, "course_class": 6, "role": 3, "study_group": null,"enrolled_at": "2025-09-10T00:00:30Z" }},

	{ "model": "enrollment.enrollment", "pk": 31, "fields": {"user": 4, "course_class": 7, "role": 1, "study_group": null,"enrolled_at": "2025-09-10T00:00:30Z" }},
	{ "model": "enrollment.enrollment", "pk": 32, "fields": {"user": 9, "course_class": 7, "role": 2, "study_group": null,"enrolled_at": "2025-09-10T00:00:30Z" }},
	{ "model": "enrollment.enrollment", "pk": 33, "fields": {"user": 10, "course_class": 7, "role": 2, "study_group": null,"enrolled_at": "2025-09-10T00:00:30Z" }},
	{ "model": "enrollment.enrollment", "pk": 34, "fields": {"user": 11, "course_class": 7, "role": 2, "study_group": null,"enrolled_at": "2025-09-10T00:00:30Z" }},
	{ "model": "enrollment.enrollment", "pk": 35, "fields": {"user": 1, "course_class": 7, "role": 3, "study_group": null,"enrolled_at": "2025-09-10T00:00:30Z" }},

	{ "model": "enrollment.enrollment", "pk": 36, "fields": {"user": 5, "course_class": 8, "role": 1, "study_group": null,"enrolled_at": "2025-09-10T00:00:30Z" }},
	{ "model": "enrollment.enrollment", "pk": 37, "fields": {"user": 10, "course_class": 8, "role": 2, "study_group": null,"enrolled_at": "2025-09-10T00:00:30Z" }},
	{ "model": "enrollment.enrollment", "pk": 38, "fields": {"user": 11, "course_class": 8, "role": 2, "study_group": null,"enrolled_at": "2025-09-10T00:00:30Z" }},
	{ "model": "enrollment.enrollment", "pk": 39, "fields": {"user": 12, "course_class": 8, "role": 2, "study_group": null,"enrolled_at": "2025-09-10T00:00:30Z" }},
	{ "model": "enrollment.enrollment", "pk": 40, "fields": {"user": 1, "course_class": 8, "role": 3, "study_group": null,"enrolled_at": "2025-09-10T00:00:30Z" }},

	{ "model": "enrollment.enrollment", "pk": 41, "fields": {"user": 6, "course_class": 9, "role": 1, "study_group": null,"enrolled_at": "2025-09-10T00:00:30Z" }},
	{ "model": "enrollment.enrollment", "pk": 42, "fields": {"user": 11, "course_class": 9, "role": 2, "study_group": null,"enrolled_at": "2025-09-10T00:00:30Z" }},
	{ "model": "enrollment.enrollment", "pk": 43, "fields": {"user": 12, "course_class": 9, "role": 2, "study_group": null,"enrolled_at": "2025-09-10T00:00:30Z" }},
	{ "model": "enrollment.enrollment", "pk": 44, "fields": {"user": 8, "course_class": 9, "role": 2, "study_group": null,"enrolled_at": "2025-09-10T00:00:30Z" }},
	{ "model": "enrollment.enrollment", "pk": 45, "fields": {"user": 1, "course_class": 9, "role": 3, "study_group": null,"enrolled_at": "2025-09-10T00:00:30Z" }},

	{ "model": "enrollment.enrollment", "pk": 46, "fields": {"user": 7, "course_class": 10, "role": 1, "study_group": null,"enrolled_at": "2025-09-10T00:00:30Z" }},
	{ "model": "enrollment.enrollment", "pk": 47, "fields": {"user": 12, "course_class": 10, "role": 2, "study_group": null,"enrolled_at": "2025-09-10T00:00:30Z" }},
	{ "model": "enrollment.enrollment", "pk": 48, "fields": {"user": 8, "course_class": 10, "role": 2, "study_group": null,"enrolled_at": "2025-09-10T00:00:30Z" }},
	{ "model": "enrollment.enrollment", "pk": 49, "fields": {"user": 9, "course_class": 10, "role": 2, "study_group": null,"enrolled_at": "2025-09-10T00:00:30Z" }},
	{ "model": "enrollment.enrollment", "pk": 50, "fields": {"user": 1, "course_class": 10, "role": 3, "study_group": null,"enrolled_at": "2025-09-10T00:00:30Z" }},

	{ "model": "enrollment.enrollment", "pk": 51, "fields": {"user": 3, "course_class": 11, "role": 1, "study_group": null,"enrolled_at": "2025-09-10T00:00:30Z" }},
	{ "model": "enrollment.enrollment", "pk": 52, "fields": {"user": 8, "course_class": 11, "role": 2, "study_group": null,"enrolled_at": "2025-09-10T00:00:30Z" }},
	{ "model": "enrollment.enrollment", "pk": 53, "fields": {"user": 9, "course_class": 11, "role": 2, "study_group": null,"enrolled_at": "2025-09-10T00:00:30Z" }},
	{ "model": "enrollment.enrollment", "pk": 54, "fields": {"user": 10, "course_class": 11, "role": 2, "study_group": null,"enrolled_at": "2025-09-10T00:00:30Z" }},
	{ "model": "enrollment.enrollment", "pk": 55, "fields": {"user": 2, "course_class": 11, "role": 3, "study_group": null,"enrolled_at": "2025-09-10T00:00:30Z" }},

	{ "model": "enrollment.enrollment", "pk": 56, "fields": {"user": 4, "course_class": 12, "role": 1, "study_group": null,"enrolled_at": "2025-09-10T00:00:30Z" }},
	{ "model": "enrollment.enrollment", "pk": 57, "fields": {"user": 9, "course_class": 12, "role": 2, "study_group": null,"enrolled_at": "2025-09-10T00:00:30Z" }},
	{ "model": "enrollment.enrollment", "pk": 58, "fields": {"user": 10, "course_class": 12, "role": 2, "study_group": null,"enrolled_at": "2025-09-10T00:00:30Z" }},
	{ "model": "enrollment.enrollment", "pk": 59, "fields": {"user": 11, "course_class": 12, "role": 2, "study_group": null,"enrolled_at": "2025-09-10T00:00:30Z" }},
	{ "model": "enrollment.enrollment", "pk": 60, "fields": {"user": 2, "course_class": 12, "role": 3, "study_group": null,"enrolled_at": "2025-09-10T00:00:30Z" }},

	{ "model": "enrollment.enrollment", "pk": 61, "fields": {"user": 5, "course_class": 13, "role": 1, "study_group": null,"enrolled_at": "2025-09-10T00:00:30Z" }},
	{ "model": "enrollment.enrollment", "pk": 62, "fields": {"user": 10, "course_class": 13, "role": 2, "study_group": null,"enrolled_at": "2025-09-10T00:00:30Z" }},
	{ "model": "enrollment.enrollment", "pk": 63, "fields": {"user": 11, "course_class": 13, "role": 2, "study_group": null,"enrolled_at": "2025-09-10T00:00:30Z" }},
	{ "model": "enrollment.enrollment", "pk": 64, "fields": {"user": 12, "course_class": 13, "role": 2, "study_group": null,"enrolled_at": "2025-09-10T00:00:30Z" }},
	{ "model": "enrollment.enrollment", "pk": 65, "fields": {"user": 2, "course_class": 13, "role": 3, "study_group": null,"enrolled_at": "2025-09-10T00:00:30Z" }},

	{ "model": "enrollment.enrollment", "pk": 66, "fields": {"user": 6, "course_class": 14, "role": 1, "study_group": null,"enrolled_at": "2025-09-10T00:00:30Z" }},
	{ "model": "enrollment.enrollment", "pk": 67, "fields": {"user": 11, "course_class": 14, "role": 2, "study_group": null,"enrolled_at": "2025-09-10T00:00:30Z" }},
	{ "model": "enrollment.enrollment", "pk": 68, "fields": {"user": 12, "course_class": 14, "role": 2, "study_group": null,"enrolled_at": "2025-09-10T00:00:30Z" }},
	{ "model": "enrollment.enrollment", "pk": 69, "fields": {"user": 8, "course_class": 14, "role": 2, "study_group": null,"enrolled_at": "2025-09-10T00:00:30Z" }},
	{ "model": "enrollment.enrollment", "pk": 70, "fields": {"user": 2, "course_class": 14, "role": 3, "study_group": null,"enrolled_at": "2025-09-10T00:00:30Z" }},

	{ "model": "enrollment.enrollment", "pk": 71, "fields": {"user": 7, "course_class": 15, "role": 1, "study_group": null,"enrolled_at": "2025-09-10T00:00:30Z" }},
	{ "model": "enrollment.enrollment", "pk": 72, "fields": {"user": 12, "course_class": 15, "role": 2, "study_group": null,"enrolled_at": "2025-09-10T00:00:30Z" }},
	{ "model": "enrollment.enrollment", "pk": 73, "fields": {"user": 8, "course_class": 15, "role": 2, "study_group": null,"enrolled_at": "2025-09-10T00:00:30Z" }},
	{ "model": "enrollment.enrollment", "pk": 74, "fields": {"user": 9, "course_class": 15, "role": 2, "study_group": null,"enrolled_at": "2025-09-10T00:00:30Z" }},
	{ "model": "enrollment.enrollment", "pk": 75, "fields": {"user": 2, "course_class": 15, "role": 3, "study_group": null,"enrolled_at": "2025-09-10T00:00:30Z" }},

	{ "model": "enrollment.enrollment", "pk": 76, "fields": {"user": 3, "course_class": 16, "role": 1, "study_group": null,"enrolled_at": "2025-09-10T00:00:30Z" }},
	{ "model": "enrollment.enrollment", "pk": 77, "fields": {"user": 8, "course_class": 16, "role": 2, "study_group": null,"enrolled_at": "2025-09-10T00:00:30Z" }},
	{ "model": "enrollment.enrollment", "pk": 78, "fields": {"user": 9, "course_class": 16, "role": 2, "study_group": null,"enrolled_at": "2025-09-10T00:00:30Z" }},
	{ "model": "enrollment.enrollment", "pk": 79, "fields": {"user": 10, "course_class": 16, "role": 2, "study_group": null,"enrolled_at": "2025-09-10T00:00:30Z" }},
	{ "model": "enrollment.enrollment", "pk": 80, "fields": {"user": 2, "course_class": 16, "role": 3, "study_group": null,"enrolled_at": "2025-09-10T00:00:30Z" }},

	{ "model": "enrollment.enrollment", "pk": 81, "fields": {"user": 4, "course_class": 17, "role": 1, "study_group": null,"enrolled_at": "2025-09-10T00:00:30Z" }},
	{ "model": "enrollment.enrollment", "pk": 82, "fields": {"user": 9, "course_class": 17, "role": 2, "study_group": null,"enrolled_at": "2025-09-10T00:00:30Z" }},
	{ "model": "enrollment.enrollment", "pk": 83, "fields": {"user": 10, "course_class": 17, "role": 2, "study_group": null,"enrolled_at": "2025-09-10T00:00:30Z" }},
	{ "model": "enrollment.enrollment", "pk": 84, "fields": {"user": 11, "course_class": 17, "role": 2, "study_group": null,"enrolled_at": "2025-09-10T00:00:30Z" }},
	{ "model": "enrollment.enrollment", "pk": 85, "fields": {"user": 2, "course_class": 17, "role": 3, "study_group": null,"enrolled_at": "2025-09-10T00:00:30Z" }},

	{ "model": "enrollment.enrollment", "pk": 86, "fields": {"user": 5, "course_class": 18, "role": 1, "study_group": null,"enrolled_at": "2025-09-10T00:00:30Z" }},
	{ "model": "enrollment.enrollment", "pk": 87, "fields": {"user": 10, "course_class": 18, "role": 2, "study_group": null,"enrolled_at": "2025-09-10T00:00:30Z" }},
	{ "model": "enrollment.enrollment", "pk": 88, "fields": {"user": 11, "course_class": 18, "role": 2, "study_group": null,"enrolled_at": "2025-09-10T00:00:30Z" }},
	{ "model": "enrollment.enrollment", "pk": 89, "fields": {"user": 12, "course_class": 18, "role": 2, "study_group": null,"enrolled_at": "2025-09-10T00:00:30Z" }},
	{ "model": "enrollment.enrollment", "pk": 90, "fields": {"user": 2, "course_class": 18, "role": 3, "study_group": null,"enrolled_at": "2025-09-10T00:00:30Z" }},

	{ "model": "enrollment.enrollment", "pk": 91, "fields": {"user": 6, "course_class": 19, "role": 1, "study_group": null,"enrolled_at": "2025-09-10T00:00:30Z" }},
	{ "model": "enrollment.enrollment", "pk": 92, "fields": {"user": 11, "course_class": 19, "role": 2, "study_group": null,"enrolled_at": "2025-09-10T00:00:30Z" }},
	{ "model": "enrollment.enrollment", "pk": 93, "fields": {"user": 12, "course_class": 19, "role": 2, "study_group": null,"enrolled_at": "2025-09-10T00:00:30Z" }},
	{ "model": "enrollment.enrollment", "pk": 94, "fields": {"user": 8, "course_class": 19, "role": 2, "study_group": null,"enrolled_at": "2025-09-10T00:00:30Z" }},
	{ "model": "enrollment.enrollment", "pk": 95, "fields": {"user": 2, "course_class": 19, "role": 3, "study_group": null,"enrolled_at": "2025-09-10T00:00:30Z" }},

	{ "model": "enrollment.enrollment", "pk": 96, "fields": {"user": 7, "course_class": 20, "role": 1, "study_group": null,"enrolled_at": "2025-09-10T00:00:30Z" }},
	{ "model": "enrollment.enrollment", "pk": 97, "fields": {"user": 12, "course_class": 20, "role": 2, "study_group": null,"enrolled_at": "2025-09-10T00:00:30Z" }},
	{ "model": "enrollment.enrollment", "pk": 98, "fields": {"user": 8, "course_class": 20, "role": 2, "study_group": null,"enrolled_at": "2025-09-10T00:00:30Z" }},
	{ "model": "enrollment.enrollment", "pk": 99, "fields": {"user": 9, "course_class": 20, "role": 2, "study_group": null,"enrolled_at": "2025-09-10T00:00:30Z" }},
	{ "model": "enrollment.enrollment", "pk": 100, "fields": {"user": 2, "course_class": 20, "role": 3, "study_group": null,"enrolled_at": "2025-09-10T00:00:30Z" }}
]
